# California
california = {
	color = { 24 102 132 }
	location = 871
	inland = no
	outgoing = {
		name = "mexico"
		path = {
			1551 1552 1554 1555 1556 
		}

		control = {
			 731.000000 1556.000000  877.000000 1384.000000  996.000000 1286.000000 
		}
	}
	outgoing = {
		name = "mississippi_river"
		path = {
			 268  872  873  893  895  900  902  903 1507 3005 3009 3010 4815 
		}

		control = {
			 680.000000 1677.000000  692.000000 1769.000000  742.000000 1764.000000  800.000000 1772.000000  825.000000 1715.000000  939.000000 
			1717.000000 1111.000000 1700.000000 1149.000000 1643.000000 1230.000000 1615.000000 1208.000000 1555.000000 1208.000000 1526.000000 
			1202.000000 1498.000000 
		}
	}
	outgoing = {
		name = "girin"
		path = {
			 730 1387 1440 1557 1668 1669 1683 1684 1685 1686 1980 2106 2731 2733 
		}

		control = {
			 348.000000 1612.000000 5094.000000 1715.000000 4950.000000 1730.000000 4924.000000 1746.000000 4846.000000 1761.000000 4731.000000 
			1699.000000 4661.000000 1719.000000 
		}
	}
	outgoing = {
		name = "polynesia_node"
		path = {
			1556 1687 1693 1699 
		}

		control = {
			 616.000000 1596.000000  179.000000 1469.000000   61.000000 1439.000000 5614.000000 1423.000000 
		}
	}
	members = {
		 862  865  866  867  868  869  870  871  872  873  874  875  876  877  979 1808 1913 1922 2006 2019 2020 2021 2476 2477 2478 2479 
		2480 2481 2482 2483 2484 2485 2486 2487 2488 2489 2490 2491 2493 2616 2620 3036 3037 3038 3041 3105 3106 3107 4577 4633 4634 4635 
		4636 4637 4638 4639 4649 4650 4659 7426 7427 7428 7429 7430 7431 7432 7433 7434 7435 7436 7437 7458 7516 7517 7518 7519 7520 7521 
		7522 7523 7524 7525 7526 7527 7528 7529 7530 7531 7532 7533 7534 7535 7536 7537 7538 7539 7540 7541 7542 7543 7544 7545 7546 7547 
		7548 7549 7550 7551 7552 7553 7554 7555 7556 7557 7558 7559 7560 7561 7562 7563 7564 7565 7566 7567 7568 7569 7570 7571 7572 7573 
		7574 7575 7576 7577 7578 7579 7580 7581 7582 7583 7584 7585 7586 7587 7588 7589 7590 7591 7592 7593 7594 7595 7596 7597 7598 7599 
		7600 7601 7602 7603 7604 7605 7606 7607 7608 7609 7611 7613 7615 7616 7617 7618 7619 7620 7621 7622 7623 7624 7625 7626 7627 7628 
		7629 7630 7631 7632 7633 7634 7635 7636 7637 7638 7639 7640 7641 7642 7643 7644 7645 7646 7647 7648 7649 7650 7651 7652 7653 7654 
		7655 7656 7657 7658 7659 7660 7661 7662 7663 7664 7665 7666 7667 7668 7669 7670 7671 7672 7673 7674 7675 7676 7677 7678 7679 7680 
		7681 7682 7683 7684 7685 7686 7687 7688 7689 7690 7691 7692 7693 7694 7695 7696 7697 7698 7699 7700 7701 7702 7703 7704 7705 7706 
		7707 7708 7709 7710 7711 7712 7713 8603 8604 8605 8606 8607 8608 8610 8611 8612 8613 8614 8615 8616 8617 8618 8619 8620 8621 8622 
		8623 8625 8627 8643 14312 14313 14314 
	}

}
# Rio Grande
rio_grande = {
	color = { 11 118 91 }
	location = 2667
	inland = no
	outgoing = {
		name = "mississippi_river"
		path = {
			1507 1508 
		}

		control = {
			1100.000000 1425.000000 1166.000000 1421.000000 
		}
	}
	outgoing = {
		name = "mexico"
		path = {
			1508 1509 2629 2646 
		}

		control = {
			1037.000000 1397.000000 1087.000000 1343.000000 1080.000000 1298.000000 1062.000000 1286.000000 
		}
	}
	members = {
		 858  861  863  864  878  879  880  881  882  883  884  885 2492 2494 2495 2496 2497 2498 2499 2500 2608 2614 2618 2619 2625 2666 
		2667 2668 3039 3040 4606 4627 4628 4629 4630 4631 4632 4644 4646 7083 7084 7140 7141 7142 7467 7468 7469 7470 7471 7472 7473 7474 
		7475 7476 7477 7478 7479 7480 7481 7482 7483 7484 7485 7486 7487 7488 7489 7490 7491 7492 7493 7494 7495 7496 7497 7498 7499 7500 
		7501 7502 7503 7504 7505 7506 7507 7508 7509 7510 7511 7512 7513 7514 7515 7714 7715 7717 7718 7719 7720 7721 7722 7723 7724 7725 
		7726 7727 7728 7729 7730 7731 7732 7733 7734 7735 7736 7737 7738 7739 7740 7747 7752 7757 7785 7786 7787 7788 7789 7790 7791 7792 
		7793 7794 7795 7796 7797 7798 7799 7800 7801 7802 7803 7804 7805 7806 7807 7808 7809 7810 7811 7812 7813 7814 7815 7816 7817 7818 
		7819 7820 7821 7822 7823 7824 7825 7826 7827 7828 7829 7830 7831 7832 7833 7834 7835 7836 7837 7838 7839 7840 7867 7868 7869 7871 
		7876 7877 7878 7879 7880 7881 7882 7883 7884 7885 7886 7887 7888 7889 7890 7891 7892 7893 7894 7895 7896 7897 7898 7899 7900 7901 
		7902 7905 7906 7908 8624 8626 8628 8629 8630 8631 8632 8633 8634 8635 8636 8637 8638 8639 8640 8641 8642 8644 8647 8671 8672 8674 
		8678 8679 8695 8696 8697 8698 8699 8700 8701 8702 8703 8704 8705 8706 8707 8708 8709 8710 8711 8712 8713 8714 8715 8716 8717 8718 
		8719 8720 8721 8722 8723 8724 8725 8726 8727 8728 8729 8730 8732 8733 8734 8735 8736 8737 8738 8739 8740 8741 8742 8743 8744 8745 
		8746 8747 8748 8749 8750 8751 8752 8753 8754 8755 8756 8757 8758 8759 8760 8761 8762 8763 8764 8765 8766 8767 8768 8769 8770 8771 
		8772 8773 8774 8775 8776 8778 8779 8780 8781 8782 8783 8784 8785 8786 8787 8788 8789 8790 8791 8792 8794 8795 8796 8802 8804 
	}

}
# Lhasa
lhasa = {
	color = { 179 169 137 }
	location = 677
	inland = yes
	outgoing = {
		name = "chengdu"
		path = {
			 695  697  701  707  709 2136 
		}

		control = {
			4096.000000 1509.000000 4140.000000 1504.000000 4178.000000 1509.000000 4226.000000 1499.000000 4241.000000 1481.000000 
		}
	}
	outgoing = {
		name = "lahore"
		path = {
			 676 2074 4516 
		}

		control = {
			4007.000000 1482.000000 3927.000000 1501.000000 3884.000000 1530.000000 3835.000000 1541.000000 3802.000000 1520.000000 
		}
	}
	outgoing = {
		name = "ganges_delta"
		path = {
			 562  564 
		}

		control = {
			4042.000000 1467.000000 4021.000000 1437.000000 4034.000000 1413.000000 4038.000000 1387.000000 4050.000000 1375.000000 4062.000000 
			1349.000000 
		}
	}
	members = {
		 554  557  565  676  677  705  706  707  708 1787 2000 2070 2071 2074 2122 2128 2129 2130 2131 2132 2133 2134 2184 2191 2194 3275 
		4204 4205 4207 4401 4481 4482 4485 4492 4514 4515 4516 4517 4518 4519 4520 4522 11856 11859 11860 11861 11862 12037 12215 12216 12861 12863 
		12865 12866 14347 14350 14351 14352 14353 
	}

}
# Katsina
katsina = {
	color = { 36 92 181 }
	location = 1149
	inland = yes
	outgoing = {
		name = "tunis"
		path = {
			 341  352 
		}

		control = {
			2792.000000 1219.000000 2842.000000 1236.000000 2846.000000 1289.000000 2844.000000 1340.000000 2873.000000 1401.000000 2858.000000 
			1457.000000 2851.000000 1521.000000 2797.000000 1543.000000 2790.000000 1582.000000 
		}
	}
	outgoing = {
		name = "timbuktu"
		path = {
			 341  352 
		}

		control = {
			2745.000000 1206.000000 2716.000000 1214.000000 2703.000000 1207.000000 2681.000000 1212.000000 2660.000000 1232.000000 2632.000000 
			1275.000000 
		}
	}
	outgoing = {
		name = "ethiopia"
		path = {
			 344  345  346 1127 
		}

		control = {
			2790.000000 1202.000000 2835.000000 1209.000000 2859.000000 1196.000000 2907.000000 1222.000000 2997.000000 1218.000000 3031.000000 
			1194.000000 3123.000000 1216.000000 3161.000000 1217.000000 3177.000000 1184.000000 3202.000000 1180.000000 3220.000000 1184.000000 
		}
	}
	members = {
		 798 1097 1125 1126 1135 1136 1137 1138 1139 1140 1141 1142 1143 1144 1145 1146 1147 1148 1149 1150 1151 1152 1153 1154 1155 1156 
		1157 1158 1159 1160 1161 1162 1163 1164 1165 1166 1167 1168 1169 1170 1249 1306 1466 1648 1796 1901 2251 2252 2253 2254 2255 2256 
		2257 2258 2265 2266 2267 2268 2269 2270 2271 2272 2273 2274 2275 2276 2277 2278 2279 2280 2281 2282 2283 2284 2285 2286 2287 2288 
		2289 2291 2292 2293 2294 2295 2475 3027 3033 3062 3074 3101 3235 3274 4078 4079 4080 10589 10590 10591 10592 10593 10594 10595 10596 10597 
		10598 10599 10607 10608 10609 10610 10611 10612 10613 10614 10615 10616 10617 10618 10619 10620 10621 10622 10623 10624 10625 10626 10627 10628 10629 10630 
		10631 10632 10633 10634 10635 10636 10637 10638 10639 10640 10641 10642 10643 10644 10645 10646 10647 10648 10649 10650 10651 10652 10653 10722 10732 11670 
		11672 11673 11674 11675 11676 11677 11678 11679 11680 11681 11682 11683 11684 11685 11686 11687 11688 11689 11690 11691 11692 11693 11910 11911 11912 11913 
		11914 11915 11916 11917 11918 11919 11920 11921 11922 11923 11924 11925 11926 11927 11928 11929 11930 11931 11932 11933 11934 11935 11936 11937 11938 11939 
		11940 11941 11942 11943 11944 11945 11946 11947 11948 11950 11951 11952 11953 11954 11955 11956 11957 11958 11959 11960 11961 11962 11963 11964 11966 13037 
		13045 13046 13047 13048 13049 13050 13051 13052 13053 13054 13055 
	}

}
# Great Lakes
great_lakes = {
	color = { 29 200 22 }
	location = 4064
	inland = yes
	outgoing = {
		name = "congo"
		path = {
			4067 
		}

		control = {
			3115.000000 1001.000000 3095.000000  968.000000 3065.000000  962.000000 3037.000000  948.000000 
		}
	}
	outgoing = {
		name = "ethiopia"
		path = {
			4064 
		}

		control = {
			3141.000000 1031.000000 3146.000000 1056.000000 3134.000000 1077.000000 3146.000000 1128.000000 3183.000000 1135.000000 3202.000000 
			1153.000000 3221.000000 1164.000000 
		}
	}
	outgoing = {
		name = "zanzibar"
		path = {
			4054 
		}

		control = {
			3175.000000 1012.000000 3196.000000  991.000000 3222.000000  983.000000 3246.000000  947.000000 3262.000000  931.000000 
		}
	}
	members = {
		3018 4052 4060 
	}

}
# Bolivia
bolivia = {
	color = { 88 116 30 }
	location = 2941
	inland = no
	outgoing = {
		name = "peru"
		path = {
			1531 1532 1533 1534 1535 
		}

		control = {
			1583.000000  735.000000 1537.000000  777.000000 1491.000000  794.000000 1474.000000  818.000000 1454.000000  825.000000 1438.000000 
			 839.000000 
		}
	}
	outgoing = {
		name = "laplata"
		path = {
			 778  792 1542 1543 1544 2845 2861 
		}

		control = {
			1608.000000  677.000000 1642.000000  667.000000 1677.000000  629.000000 1725.000000  604.000000 1714.000000  570.000000 1684.000000 
			 479.000000 1730.000000  447.000000 
		}
	}
	members = {
		 775  776  777  791  792  793  794  795  796  797  799 1902 2834 2835 2836 2837 2838 2839 2840 2841 2842 2843 2853 2854 2855 2858 
		2859 2878 2881 2882 2883 2884 2940 2941 2942 2946 10068 10071 10072 10073 10074 10075 10076 10077 10078 10079 10080 10081 10082 10083 10084 10085 
		10086 10087 10088 10089 10090 10091 10099 10101 10102 10103 10104 10108 10109 10110 13305 13306 13307 13308 13309 13310 13311 13312 13313 13314 13315 13349 
		13350 13351 13352 13354 13355 13359 13361 13362 13363 13380 13384 13385 13386 13387 13388 13390 13710 13715 13716 13807 13808 13809 13846 13847 13848 13849 
		13850 13851 13852 13853 13854 13855 13856 13857 13858 13859 13860 13861 13862 13863 13864 13865 13866 13867 13868 13869 13870 13871 13872 13873 13874 13875 
		13876 13877 13878 13879 13880 13881 13882 13883 13884 13885 13886 13887 13888 13889 13890 13891 13892 13893 13894 13895 13896 13897 13898 13899 13900 13901 
		13903 13904 13905 13906 13907 13908 13909 13910 13911 13912 13913 13914 13915 13916 13917 13918 13919 13920 13921 13922 13923 13924 13925 13926 13927 13928 
		13929 13930 13931 13932 13933 13934 13935 13936 13937 13938 13939 13940 13941 13942 13943 13944 13945 13946 13947 13948 13987 13988 13989 13990 13991 13992 
		13993 13994 13995 13996 13997 13998 13999 14000 14001 14002 14003 14004 14005 14006 14007 14008 14009 14010 14011 14012 14013 14014 14015 14016 14017 14018 
		14028 14029 14030 14051 14052 14053 14054 14056 14057 14058 14059 14076 14077 14078 14079 14080 14081 14082 14083 14084 14085 14086 14087 14088 14089 14090 
		14091 14095 14096 14097 14098 14099 14100 14101 14102 14103 14104 14105 14106 14107 14108 14109 14110 14111 14112 14113 14114 14318 
	}

}
# Patagonia
patagonia = {
	color = { 199 89 44 }
	location = 1538
	inland = no
	outgoing = {
		name = "peru"
		path = {
			1531 1532 1533 1534 1535 
		}

		control = {
			1650.000000   77.000000 1570.670044   32.840088 1439.000000  153.000000 1492.000000  623.000000 
		}
	}
	outgoing = {
		name = "laplata"
		path = {
			 778  792 1542 1543 1544 2845 2861 
		}

		control = {
			1658.000000  286.000000 1739.000000  373.000000 
		}
	}
	members = {
		 780  781  782  783  784  785  787 1095 1538 2025 2862 2863 2868 2869 2870 2871 2872 2873 2874 2875 2876 13810 13811 13812 13813 13814 
		13815 13816 13817 13818 13819 13820 13821 13822 13823 13824 13825 13826 13827 13828 13829 13830 13831 13832 13833 13834 13835 13836 13837 13838 13839 13840 
		13841 13842 13843 13844 13845 13954 13974 13975 13976 13977 13978 13985 14197 14199 14200 14212 14213 14214 14215 14216 14217 14218 14219 14220 14221 14222 
		14223 14224 14225 14226 14227 14228 14229 14230 14231 14232 14233 14234 14235 14236 14237 14238 14239 14240 14241 14242 14243 14244 14245 14246 14247 14248 
		14249 14250 14251 14252 14253 14254 14255 14256 14257 14258 14259 14261 14319 14320 14321 14334 
	}

}
# Amazonas
amazonas_node = {
	color = { 60 170 43 }
	location = 2934
	inland = no
	outgoing = {
		name = "brazil"
		path = {
			1469 1470 1584 
		}

		control = {
			1743.000000  961.000000 1765.000000  972.000000 1785.000000  966.000000 1815.000000  979.000000 1874.000000 1016.000000 1986.000000 
			 987.000000 2101.000000  916.000000 
		}
	}
	outgoing = {
		name = "carribean_trade"
		path = {
			1469 1470 1584 
		}

		control = {
			1689.000000  958.000000 1665.000000  985.000000 1671.000000 1022.000000 1682.000000 1057.000000 1641.000000 1075.000000 1622.000000 
			1129.000000 1585.000000 1133.000000 1595.000000 1176.000000 1562.000000 1213.000000 1462.000000 1269.000000 
		}
	}
	members = {
		3034 3077 3078 3079 
	}

}
# Hudson Bay
james_bay = {
	color = { 188 134 219 }
	location = 1486
	inland = no
	outgoing = {
		name = "st_lawrence"
		path = {
			 990  992  993  994 1000 1002 1490 
		}

		control = {
			1390.000000 1877.000000 1421.000000 1842.000000 1398.000000 1790.000000 1439.000000 1756.000000 1475.000000 1758.000000 1499.000000 
			1775.000000 1531.000000 1788.000000 1567.000000 1822.000000 
		}
	}
	members = {
		 972  973  974  975  976  977  978 1810 1814 2003 2004 2022 2601 2602 2603 2604 2605 2606 2607 2609 2610 2611 2612 2613 3042 3043 
		3099 3108 3109 3110 3111 3262 4651 4652 4653 4654 4655 4656 4657 4658 4660 4661 4662 4663 4664 4665 4666 4667 4668 4669 4670 4671 
		4676 4680 4682 4697 4698 4699 7610 7614 7921 7922 7923 7924 7925 7926 7927 7928 7929 7930 7931 7932 7933 7934 7935 7936 7937 7938 
		7939 7940 7941 7942 14307 14308 14309 
	}

}
# Girin
girin = {
	color = { 41 82 45 }
	location = 730
	inland = no
	outgoing = {
		name = "nippon"
		path = {
			 684 1373 1389 
		}

		control = {
			4633.000000 1699.000000 4622.000000 1666.000000 4664.000000 1620.000000 
		}
	}
	outgoing = {
		name = "beijing"
		path = {
			 684 1373 1389 
		}

		control = {
			4593.000000 1720.000000 4546.000000 1693.000000 4505.000000 1662.000000 
		}
	}
	outgoing = {
		name = "siberia"
		path = {
			 721  722 1057 1060 1062 1064 3048 
		}

		control = {
			4539.000000 1769.000000 4485.000000 1811.000000 4349.000000 1781.000000 4259.000000 1832.000000 4218.000000 1918.000000 4160.000000 
			1982.000000 4048.000000 1993.000000 
		}
	}
	members = {
		1033 1034 1035 1036 1037 1038 1039 1040 1041 1042 1043 1044 1045 1046 1047 1048 1050 1051 1052 1654 1667 2103 2106 2439 2440 4214 
		4215 4216 5809 5891 5911 5912 5913 5914 5915 5916 5918 5924 5925 5932 5933 5934 5935 5936 5937 5938 5939 5942 5943 5944 5945 5946 
		5947 5948 5949 5950 5951 5952 5953 5954 5955 5956 5957 5958 5959 5960 5961 5962 5963 5964 5965 5966 7943 14284 
	}

}
# Mississippi River
mississippi_river = {
	color = { 215 57 132 }
	location = 1507
	inland = no
	outgoing = {
		name = "carribean_trade"
		path = {
			1505 1506 1516 1525 
		}

		control = {
			1300.000000 1433.000000 1343.000000 1388.000000 1414.000000 1369.000000 1479.000000 1333.000000 
		}
	}
	outgoing = {
		name = "ohio"
		path = {
			 921  939 2327 
		}

		control = {
			1208.000000 1502.000000 1217.000000 1524.000000 1218.000000 1555.000000 
		}
	}
	members = {
		 886  887  888  889  890  891  892  893  894  895  896  897  898  901  903  906  907  909  918  919  920  921  922  923 1662 1809 
		1920 2007 2008 2009 2014 2501 2502 2503 2504 2505 2506 2507 2508 2509 2510 2511 2515 2516 2528 2529 2530 2532 2665 2669 2672 6641 
		6642 6644 6645 6646 6647 6648 6649 6650 6670 6671 6786 6790 6791 6792 6793 6794 6795 6802 6803 6804 6805 6806 6807 6808 6809 6810 
		6813 6817 6819 6835 6880 6881 6882 6883 6884 6885 6886 6887 6888 6889 6890 6891 6892 6893 6894 6895 6896 6897 6898 6899 6900 6901 
		6902 6903 6904 6905 6906 6907 6908 6909 6910 6911 6912 6913 6914 6915 6916 6917 6918 6919 6920 6921 6922 6923 6924 6925 6926 6927 
		6928 6929 6930 6931 6932 6933 6934 6935 6936 6937 6938 6939 6940 6941 6942 6943 6944 6945 6946 6947 6948 6949 6950 6951 6952 6953 
		6954 6955 6956 6957 6958 6959 6960 6961 6962 6963 6964 6965 6966 6967 6968 6969 6970 6971 6972 6973 6974 6975 6976 6977 6978 6979 
		6980 6981 6982 6983 6984 6985 6986 6987 6988 6989 6990 6991 6992 6993 6994 6995 6996 6997 6998 6999 7000 7001 7002 7003 7004 7005 
		7006 7007 7008 7009 7010 7011 7012 7013 7014 7015 7016 7017 7018 7019 7020 7021 7022 7023 7024 7025 7039 7041 7042 7043 7085 7086 
		7087 7088 7089 7090 7091 7092 7093 7094 7095 7096 7097 7098 7099 7100 7101 7102 7103 7104 7105 7106 7107 7108 7109 7110 7111 7112 
		7113 7114 7115 7116 7117 7118 7119 7125 7126 7127 7128 7129 7130 7131 7132 7133 7134 7135 7136 7137 7138 7139 7143 7144 7145 7146 
		7147 7148 7149 7150 7151 7152 7153 7154 7155 7156 7157 7158 7159 7160 7161 7162 7163 7164 7165 7166 7167 7168 7169 7170 7171 7172 
		7173 7174 7175 7176 7177 7178 7179 7180 7181 7182 7183 7184 7185 7186 7187 7188 7189 7190 7191 7192 7193 7194 7195 7196 7197 7198 
		7310 7311 7312 7313 7314 7315 7316 7317 7318 7319 7320 7321 7322 7323 7324 7325 7326 7327 7328 7329 7330 7331 7332 7333 7334 7335 
		7336 7338 7339 7340 7341 7343 7344 7345 7346 7347 7348 7349 7350 7351 7352 7353 7354 7355 7356 7357 7358 7359 7360 7361 7362 7363 
		7364 7365 7366 7367 7368 7369 7370 7371 7372 7373 7374 7375 7376 7377 7378 7379 7380 7381 7382 7383 7384 7385 7386 7387 7388 7389 
		7390 7391 7392 7393 7394 7395 7396 7397 7398 7399 7400 7401 7402 7403 7404 7405 7406 7407 7408 7409 7410 7411 7412 7413 7414 7415 
		7416 7417 7418 7419 7420 7421 7422 7423 7424 7425 7438 7439 7440 7441 7442 7443 7444 7445 7446 7447 7448 7449 7450 7451 7452 7453 
		7454 7455 7456 7457 7459 7460 7461 7462 7463 7464 7465 7466 7741 7742 7743 7744 7745 7746 7748 7749 7750 7751 7753 7754 7755 7756 
		7758 7759 7760 7761 7762 7763 7764 7765 7766 7767 7768 7769 7770 7771 7772 7773 7774 7775 7776 7777 7778 7779 7780 7781 7782 7783 
		7784 7841 7842 7843 7844 7845 7846 7847 7848 7849 7850 7851 7852 7853 7854 7855 7856 7857 7858 7859 7860 7861 7862 7863 7864 7865 
		7866 7870 7872 7873 7874 7875 7903 7904 7907 7909 7910 7911 7912 7913 7914 7915 7916 7917 7918 7919 7920 
	}

}
# Mexico
mexico = {
	color = { 235 172 158 }
	location = 1551
	inland = no
	outgoing = {
		name = "carribean_trade"
		path = {
			 847  848 1510 1511 1512 1516 1518 
		}

		control = {
			1140.000000 1248.000000 1164.000000 1300.000000 1213.000000 1350.000000 1276.000000 1360.000000 1311.000000 1335.000000 1368.000000 
			1335.000000 1418.000000 1310.000000 
		}
	}
	outgoing = {
		name = "panama"
		path = {
			 835 1548 1549 1550 
		}

		control = {
			1173.000000 1218.000000 1360.000000 1112.000000 
		}
	}
	outgoing = {
		name = "polynesia_node"
		path = {
			1697 1699 1701 1707 1715 1716 
		}

		control = {
			 802.000000 1270.000000  316.000000 1306.000000  135.000000 1370.000000   45.000000 1401.000000 5618.000000 1413.000000 
		}
	}
	members = {
		 842  844  845  846  847  848  849  850  851  852  853  854  855  856  857  859  860 1551 2615 2617 2621 2622 2623 2624 2626 2627 
		2628 2629 2630 2631 2632 2633 2635 2641 2642 2643 2644 2645 2646 2647 2648 2649 2650 2651 2652 2657 4570 4571 4572 4573 4574 4575 
		4576 4578 4579 4580 4581 4582 4583 4584 4585 4586 4588 4590 4591 4598 4640 4641 4642 4643 4645 4647 4648 8645 8646 8648 8649 8650 
		8651 8652 8653 8654 8655 8656 8657 8658 8659 8660 8661 8662 8663 8664 8665 8666 8667 8668 8669 8670 8673 8675 8676 8677 8680 8681 
		8682 8683 8684 8685 8686 8687 8688 8689 8690 8691 8692 8693 8694 8731 8777 8793 8797 8798 8799 8800 8801 8803 8805 8806 8807 8808 
		8809 8810 8811 8812 8813 8814 8815 8816 8817 8818 8819 8820 8821 8822 8823 8824 8825 8826 8827 8828 8829 8830 8831 8832 8833 8834 
		8835 8836 8837 8838 8839 8840 8841 8842 8843 8844 8845 8846 8847 8848 8849 8850 8851 8852 8853 8854 8855 8856 8857 8858 8859 8860 
		8861 8862 8863 8864 8866 8867 8868 8869 8871 8872 8873 8874 8875 8876 8877 8878 8879 8880 8881 8882 8883 8884 8885 8886 8887 8888 
		8889 8890 8891 8893 8894 8895 8896 8897 8898 8899 8900 8901 8902 8903 8904 8905 8906 8907 8908 8909 8910 8911 8912 8913 8914 8915 
		8916 8917 8918 8919 8920 8921 8922 8923 8924 8925 8926 8927 8928 8929 8930 8931 8932 8933 8934 8935 8936 8937 8938 8939 8940 8941 
		8942 8943 8944 8945 8946 8947 8948 8949 8950 8951 8952 8953 8954 8955 8956 8957 8958 8959 8960 8961 8962 8963 8964 8965 8966 8967 
		8968 8969 8970 8971 8972 8973 8974 8975 8976 8977 8978 8979 8980 8981 8982 8983 8984 8985 8986 8987 8988 8989 8990 8991 8992 8993 
		8994 8995 8996 8997 8998 8999 9000 9001 9002 9003 9004 9005 9006 9007 9008 9009 9010 9011 9012 9013 9014 9015 9016 9017 9018 9019 
		9020 9021 9022 9023 9024 9025 9026 9027 9028 9029 9030 9031 9032 9033 9034 9035 9036 9037 9038 9039 9040 9041 9042 9043 9044 9045 
		9046 9047 9048 9049 9050 9051 9052 9053 9054 9055 9056 9057 9058 9059 9060 9061 9062 9063 9064 9065 9066 9067 9068 9069 9070 9071 
		9072 9073 9074 9075 9076 9077 9078 9079 9080 9081 9082 9084 9505 9506 9507 9508 9509 9510 9511 9516 9766 9767 14315 14316 
	}

}
# Chengdu
chengdu = {
	color = { 102 226 54 }
	location = 679
	inland = yes
	outgoing = {
		name = "canton"
		path = {
			 695  697  701  707  709 2136 
		}

		control = {
			4310.000000 1477.000000 4337.000000 1499.000000 4369.000000 1499.000000 4383.000000 1469.000000 4400.000000 1435.000000 4414.000000 
			1399.000000 4403.000000 1374.000000 
		}
	}
	outgoing = {
		name = "xian"
		path = {
			 695  697  701  707  709 2136 
		}

		control = {
			4298.000000 1518.000000 4353.000000 1540.000000 
		}
	}
	outgoing = {
		name = "burma"
		path = {
			 583 2748 
		}

		control = {
			4263.000000 1461.000000 4249.000000 1439.000000 4245.000000 1422.000000 4197.000000 1402.000000 4146.000000 1390.000000 4138.000000 
			1354.000000 
		}
	}
	members = {
		 661  662  672  673  674  675  678  679  680  681  689  700 1897 2135 2167 2168 2169 2170 2172 2173 2180 2183 2748 4198 4199 4211 
		4212 4213 11797 11798 11799 11807 11808 11809 11815 11816 11843 11844 11845 11846 11847 11853 11854 11855 11863 11864 11865 11866 11867 11868 11869 11870 
		11871 11872 11873 11874 11875 11876 11877 11878 11879 11880 11881 11884 11885 14277 
	}

}
# Tunis
tunis = {
	color = { 146 134 57 }
	location = 341
	inland = no
	outgoing = {
		name = "sevilla"
		path = {
			 339  340 1293 1294 1301 
		}

		control = {
			2776.000000 1618.000000 2677.000000 1612.000000 2608.000000 1590.000000 2558.000000 1589.000000 
		}
	}
	outgoing = {
		name = "valencia"
		path = {
			1295 1301 1302 2455 
		}

		control = {
			2781.000000 1624.000000 2693.000000 1634.000000 2667.000000 1645.000000 
		}
	}
	outgoing = {
		name = "genua"
		path = {
			1297 1300 1302 
		}

		control = {
			2797.000000 1627.000000 2758.000000 1641.000000 2764.000000 1698.000000 
		}
	}
	members = {
		 339  340  341  350  351  352  353  354  355  356  357 1794 1882 2326 2448 2449 2450 2451 2452 2453 2454 2455 2456 2457 2458 2472 
		2473 2474 2954 3072 3073 4566 4567 8373 8374 8375 8376 8377 8378 8379 8380 8381 8382 8383 8384 8385 8386 8387 8388 8389 8390 8391 
		8392 8393 8394 8395 8396 8397 8398 8399 8400 8401 8402 8403 8427 8431 8432 8434 8435 9093 9094 9095 9096 9097 9098 9099 9100 9101 
		9102 9103 9104 9105 9106 9107 9540 9541 9542 9543 9544 9545 9546 9547 9548 10605 10606 14263 
	}

}
# Timbuktu
timbuktu = {
	color = { 192 91 14 }
	location = 1132
	inland = yes
	outgoing = {
		name = "safi"
		path = {
			 344  345  346 1127 
		}

		control = {
			2603.000000 1328.000000 2616.000000 1440.000000 2589.000000 1490.000000 2555.000000 1513.000000 2526.000000 1503.000000 2517.000000 
			1513.000000 
		}
	}
	outgoing = {
		name = "ivory_coast"
		path = {
			1140 1141 1142 1143 1794 
		}

		control = {
			2581.000000 1250.000000 2571.000000 1219.000000 2593.000000 1202.000000 2595.000000 1167.000000 2620.000000 1142.000000 2638.000000 
			1123.000000 2638.000000 1103.000000 2650.000000 1089.000000 
		}
	}
	members = {
		1096 1114 1115 1116 1117 1118 1119 1120 1121 1122 1123 1124 1128 1129 1130 1131 1132 1133 1134 2237 2238 2239 2240 2241 2242 2243 
		2244 2245 2246 2247 2248 2249 2250 2259 2260 2261 2262 2263 2264 3260 3269 3273 8419 8428 8430 8433 10582 10583 10584 10585 10586 10706 
		10707 10708 10709 10710 10711 10712 10713 10714 10715 10716 10717 10718 10719 10720 10721 10723 10724 10725 10726 10727 10728 10729 10730 10731 10733 10734 
		10735 11380 11381 11382 11383 11385 11386 11387 11388 11389 11390 11391 11392 11393 11394 11395 11396 11397 11398 11399 11400 11401 11402 11403 11620 11621 
		11622 11623 11624 11625 11626 11627 11628 11629 11630 11631 11632 11633 11634 11635 11636 11638 11639 11640 11641 11642 11643 11644 11645 11646 11647 11648 
		11649 11650 11651 11652 11653 11654 11655 11656 11657 11658 11659 11660 11661 11662 11663 11664 11665 11666 11667 11668 11669 11671 14271 14272 
	}

}
# Congo
congo = {
	color = { 19 60 134 }
	location = 4089
	inland = yes
	outgoing = {
		name = "ivory_coast"
		path = {
			1464 1465 1466 
		}

		control = {
			2973.000000  949.000000 2935.000000  953.000000 2895.000000  956.000000 2861.000000  931.000000 2804.000000  918.000000 2698.000000 
			1021.000000 
		}
	}
	outgoing = {
		name = "zambezi"
		path = {
			4101 
		}

		control = {
			3012.000000  924.000000 3014.000000  886.000000 3031.000000  827.000000 3074.000000  805.000000 3074.000000  776.000000 3090.000000 
			 761.000000 
		}
	}
	members = {
		1171 1797 2948 2949 3019 3020 3022 3023 3028 3060 3063 3064 3068 3069 3102 3103 3219 3229 3230 3231 3232 3233 3234 3261 4081 4082 
		4083 4084 4085 4086 4087 4088 4089 4090 4091 4092 4093 4095 4096 4097 4098 4099 4100 4103 4105 4107 4109 4132 11230 11949 11965 11968 
		11969 11970 11971 12869 12870 12871 12872 12873 12874 12875 12876 12877 13034 13035 13036 13038 13039 13040 13041 13042 13043 13044 13056 13057 13058 13059 
		13060 13069 13070 13071 13072 13073 13074 13075 13077 13080 13099 13100 13101 13102 13103 13104 13105 13106 13107 13121 13157 13158 13160 13161 13162 13163 
		13164 14298 
	}

}
# Peru
peru = {
	color = { 19 118 144 }
	location = 1545
	inland = no
	outgoing = {
		name = "panama"
		path = {
			 835 1545 1546 1547 1548 
		}

		control = {
			1353.000000  930.000000 1388.000000 1089.000000 
		}
	}
	members = {
		 804  805  806  807  808  809  810  811  812  813  814  815  816  817  818  819  820  821 1544 1545 1802 2002 2820 2821 2822 2823 
		2824 2825 2826 2827 2828 2829 2830 2833 2943 2944 2945 2947 3035 4604 4605 4840 9795 9796 9797 9798 9799 9800 9801 9802 9803 9804 
		9805 9806 9807 9808 9809 9810 9811 10062 10067 12706 12707 12708 12709 12710 12711 12712 12713 12714 12715 12716 12717 12718 12719 12720 12721 12722 
		12723 12724 12725 12726 12727 12728 12729 12730 12731 12732 12733 12734 12735 12736 12737 12738 12739 12740 12741 12742 12743 12744 12745 12746 12747 12748 
		12749 12750 12751 12752 12753 12754 12755 12756 12757 12758 12759 12760 12761 12762 12763 12764 12765 12766 12767 12768 12769 12770 12771 12772 12773 12774 
		12775 12776 12777 12778 12779 12780 12781 12782 12783 12784 12785 12786 12787 12788 12789 12790 12791 12792 12793 12794 12795 12796 12797 12798 12799 12800 
		12801 13776 13777 13779 13780 13781 13782 13783 
	}

}
# Rio de La Plata
laplata = {
	color = { 164 178 182 }
	location = 1536
	inland = no
	outgoing = {
		name = "brazil"
		path = {
			1531 1532 1533 1534 1535 
		}

		control = {
			1851.000000  479.000000 1925.000000  604.000000 2009.000000  645.000000 2065.000000  781.000000 
		}
	}
	members = {
		 772  773  778  779  786  790 1536 2844 2845 2846 2847 2848 2849 2850 2851 2852 2857 2860 2861 2865 2866 2867 2877 2879 2887 13316 
		13317 13318 13319 13320 13321 13322 13323 13324 13325 13326 13327 13328 13329 13330 13331 13332 13333 13334 13335 13336 13337 13338 13339 13340 13341 13342 
		13343 13344 13345 13346 13347 13348 13353 13356 13357 13358 13360 13364 13366 13367 13376 13377 13378 13379 13949 13950 13951 13952 13953 13955 13956 13957 
		13958 13959 13960 13961 13962 13963 13964 13965 13966 13967 13968 13969 13970 13971 13972 13973 13979 13980 13981 13982 13983 13984 13986 14019 14020 14021 
		14022 14023 14024 14025 14026 14027 14031 14032 14033 14034 14035 14036 14037 14038 14039 14040 14041 14042 14043 14044 14045 14046 14047 14048 14049 14050 
		14055 14060 14061 14062 14063 14064 14065 14066 14067 14068 14069 14070 14071 14072 14073 14074 14075 14092 14093 14094 14115 14116 14117 14118 14119 14120 
		14121 14122 14123 14124 14125 14126 14127 14128 14129 14130 14131 14132 14133 14134 14135 14136 14137 14138 14139 14140 14141 14142 14143 14144 14145 14146 
		14147 14148 14149 14150 14151 14152 14153 14154 14155 14156 14157 14158 14159 14160 14161 14162 14163 14164 14165 14166 14167 14168 14169 14170 14171 14172 
		14173 14174 14175 14176 14177 14178 14179 14180 14181 14182 14183 14184 14185 14186 14187 14188 14189 14190 14191 14192 14193 14194 14195 14196 14198 14202 
		14203 14204 14205 14206 14207 14208 14209 14210 14211 14389 
	}

}
# Siberia
siberia = {
	color = { 197 225 79 }
	location = 1064
	inland = yes
	outgoing = {
		name = "kazan"
		path = {
			 472  475  479  480 1062 1064 1082 
		}

		control = {
			3945.000000 2002.000000 3841.000000 2052.000000 3737.000000 2059.000000 3692.000000 2001.000000 3584.000000 1968.000000 3500.000000 
			1968.000000 3429.000000 1952.000000 
		}
	}
	outgoing = {
		name = "samarkand"
		path = {
			 454  457  477  478  480 1969 
		}

		control = {
			3965.000000 1947.000000 3878.000000 1909.000000 3785.000000 1783.000000 3766.000000 1736.000000 3722.000000 1703.000000 3694.000000 
			1660.000000 
		}
	}
	members = {
		1054 1055 1056 1059 1060 1061 1062 1063 1069 1070 1781 1782 2428 2429 2430 2431 2432 2435 2436 2437 2438 2442 2443 5648 5649 5763 
		5764 5765 5766 5767 5768 5769 5770 5771 5772 5773 5774 5775 5776 5777 5778 5779 5780 5781 5782 5783 5800 5801 5802 5803 5804 5806 
		5807 5808 5810 5811 5812 5813 5814 5815 5816 5817 5818 5834 5835 5836 5837 5861 5926 5927 5928 5929 5930 5931 5940 5941 
	}

}
# Ohio
ohio = {
	color = { 129 214 238 }
	location = 940
	inland = no
	outgoing = {
		name = "chesapeake_bay"
		path = {
			 948 2465 
		}

		control = {
			1309.000000 1645.000000 1343.000000 1638.000000 1371.000000 1655.000000 1416.000000 1654.000000 1443.000000 1628.000000 1449.000000 
			1605.000000 
		}
	}
	outgoing = {
		name = "st_lawrence"
		path = {
			 946  991 
		}

		control = {
			1279.000000 1663.000000 1327.000000 1683.000000 1347.000000 1693.000000 1391.000000 1706.000000 1398.000000 1719.000000 1429.000000 
			1725.000000 1451.000000 1739.000000 1486.000000 1754.000000 1505.000000 1771.000000 1530.000000 1785.000000 1567.000000 1820.000000 
		}
	}
	members = {
		 899  900  902  904  905  908  910  911  912  913  914  915  916  917  939  940  941  942  943  944  945  946  947  948 1663 2016 
		2512 2513 2514 2517 2518 2519 2520 2521 2522 2523 2524 2525 2526 4749 4750 4751 6210 6211 6212 6213 6214 6215 6216 6217 6218 6219 
		6220 6221 6222 6223 6224 6225 6226 6227 6228 6229 6230 6231 6232 6233 6234 6235 6236 6237 6238 6239 6240 6241 6242 6243 6244 6245 
		6246 6247 6248 6249 6250 6251 6252 6253 6254 6255 6256 6257 6258 6259 6260 6261 6262 6263 6264 6265 6266 6267 6268 6269 6270 6271 
		6272 6273 6274 6275 6276 6277 6278 6279 6280 6281 6282 6283 6286 6289 6290 6297 6298 6299 6300 6301 6302 6303 6304 6305 6306 6307 
		6308 6316 6317 6318 6319 6320 6321 6322 6323 6324 6325 6326 6327 6328 6329 6330 6331 6332 6333 6334 6335 6336 6337 6338 6339 6340 
		6341 6342 6343 6344 6345 6346 6347 6348 6349 6350 6351 6352 6353 6354 6355 6356 6357 6358 6359 6360 6361 6362 6363 6364 6365 6366 
		6367 6368 6369 6370 6371 6372 6373 6374 6375 6376 6377 6378 6379 6381 6382 6383 6384 6385 6386 6387 6388 6389 6390 6391 6392 6393 
		6394 6395 6396 6397 6398 6399 6400 6401 6402 6403 6404 6405 6406 6407 6408 6409 6410 6411 6412 6413 6414 6415 6416 6417 6418 6419 
		6420 6421 6422 6423 6424 6425 6426 6427 6428 6429 6430 6431 6432 6433 6434 6435 6436 6437 6438 6439 6440 6441 6442 6443 6444 6445 
		6446 6447 6448 6450 6451 6452 6453 6454 6455 6456 6457 6458 6459 6460 6461 6462 6463 6464 6465 6466 6467 6468 6469 6470 6471 6472 
		6473 6474 6475 6476 6477 6478 6479 6480 6481 6482 6483 6484 6485 6486 6487 6488 6489 6490 6491 6492 6493 6494 6495 6496 6497 6498 
		6499 6500 6501 6502 6503 6504 6505 6506 6507 6508 6509 6510 6511 6512 6513 6514 6515 6516 6517 6518 6519 6520 6521 6522 6523 6524 
		6525 6526 6527 6528 6529 6530 6531 6532 6533 6534 6639 6640 6643 6651 6654 6655 6657 7026 7027 7028 7029 7030 7031 7032 7033 7034 
		7035 7036 7037 7038 7040 7044 7045 7046 7047 7048 7049 7050 7051 7052 7053 7054 7055 7056 7057 7058 7059 7060 7061 7062 7063 7064 
		7065 7066 7067 7068 7069 7070 7071 7072 7073 7074 7075 7076 7077 7078 7079 7080 7081 7082 7120 7121 7122 7123 7124 7199 7200 7201 
		7202 7203 7204 7205 7206 7207 7208 7209 7210 7211 7212 7213 7214 7215 7216 7217 7218 7219 7220 7221 7222 7223 7224 7225 7226 7227 
		7228 7229 7230 7231 7232 7233 7234 7235 7236 7237 7238 7239 7240 7241 7242 7243 7244 7245 7246 7247 7248 7249 7250 7251 7252 7253 
		7254 7255 7256 7257 7258 7259 7260 7261 7262 7263 7264 7265 7266 7267 7268 7269 7270 7271 7272 7273 7274 7275 7276 7277 7278 7279 
		7280 7281 7282 7283 7284 7285 7286 7287 7288 7289 7290 7291 7292 7293 7294 7295 7296 7297 7298 7299 7300 7301 7302 7303 7304 7305 
		7306 7307 7308 7309 7337 7342 14304 
	}

}
# Canton
canton = {
	color = { 124 113 198 }
	location = 1371
	inland = no
	outgoing = {
		name = "malacca"
		path = {
			1361 1362 1367 1394 
		}

		control = {
			4402.000000 1218.000000 4335.000000 1117.000000 4306.000000 1044.000000 
		}
	}
	outgoing = {
		name = "hangzhou"
		path = {
			 684 1372 1824 
		}

		control = {
			4487.000000 1374.000000 4553.000000 1458.000000 4540.000000 1490.000000 
		}
	}
	outgoing = {
		name = "philippines"
		path = {
			1394 1397 
		}

		control = {
			4490.000000 1273.000000 4520.000000 1224.000000 4536.000000 1217.000000 
		}
	}
	outgoing = {
		name = "gulf_of_siam"
		path = {
			1364 1365 1366 1369 1370 
		}

		control = {
			4379.000000 1290.000000 4355.000000 1191.000000 4287.669922 1127.430054 
		}
	}
	members = {
		 610  613  616  663  664  665  666  667  668 1016 1370 1840 2156 2157 2159 2160 2161 2162 2163 2164 2371 2372 2373 3005 3276 10255 
		10283 10284 10285 10286 10287 10288 10289 10290 10291 10292 10293 10294 10295 10296 10297 10298 10299 10300 10301 10302 10303 10304 10305 10306 10307 11782 
		11814 11817 11818 11819 11820 11821 11822 11823 11824 11825 11826 11827 11828 11829 11830 11831 11832 11833 11834 11835 11836 11838 11839 11840 11841 11842 
		11886 
	}

}
# Burma
burma = {
	color = { 35 229 76 }
	location = 584
	inland = yes
	outgoing = {
		name = "ganges_delta"
		path = {
			1815 4396 
		}

		control = {
			4117.000000 1339.000000 4126.000000 1302.000000 4131.000000 1274.000000 4104.000000 1255.000000 4061.000000 1313.000000 
		}
	}
	outgoing = {
		name = "gulf_of_siam"
		path = {
			 585  586  590  600 1365 2403 4395 4831 4834 4835 
		}

		control = {
			4142.000000 1308.000000 4162.000000 1272.000000 4185.000000 1275.000000 4203.000000 1252.000000 4207.000000 1201.000000 
		}
	}
	members = {
		 566  570  573  580  581  582  583  584  585  587  588  589  660 1788 2040 2041 2165 2166 2395 2396 2397 2398 2399 2400 2401 4393 
		4394 4395 4396 4397 4398 4400 4402 4403 4404 4405 4406 4440 10214 11882 11883 12226 12228 12229 12230 12231 12232 12233 12234 12235 12236 12237 
		12238 12239 12240 12243 12246 12247 12248 12807 12818 12820 12821 12822 12823 12824 12825 12826 12827 12828 12829 12830 12831 12832 12833 12834 12835 12838 
		12839 12840 
	}

}
# Safi
safi = {
	color = { 179 124 145 }
	location = 345
	inland = no
	outgoing = {
		name = "sevilla"
		path = {
			1293 2469 
		}

		control = {
			2491.000000 1537.000000 2522.000000 1561.000000 
		}
	}
	members = {
		 335  336  337  338  342  343  344  345  346  347  348  349 1110 1111 1112 1127 1793 2459 2460 2461 2462 2463 2464 2465 2466 2467 
		2468 2469 2470 3025 3029 3030 3031 3236 3251 3252 3253 3259 4167 4168 4169 4562 4564 4568 4569 4841 4842 4843 4844 4845 4846 4847 
		4848 4849 4850 4851 4852 4853 4854 4855 8362 8363 8364 8365 8366 8367 8368 8369 8370 8371 8372 8404 8405 8406 8407 8408 8409 8410 
		8411 8412 8413 8414 8415 8416 8417 8418 8420 8421 8422 8423 8424 8425 8426 8429 11377 11378 11379 11384 11404 11405 11406 11407 11408 11409 
		11410 11411 11412 14269 14270 14430 
	}

}
# Zambezi
zambezi = {
	color = { 162 74 140 }
	location = 1190
	inland = yes
	outgoing = {
		name = "zanzibar"
		path = {
			1192 
		}

		control = {
			3151.000000  759.000000 3180.000000  737.000000 3232.000000  704.000000 3289.000000  768.000000 3275.000000  868.000000 
		}
	}
	members = {
		1185 1187 1188 1189 1190 1191 1200 1273 1649 1651 1798 1925 2950 2951 3015 3016 3017 3218 3221 3222 3265 3266 4034 4035 4036 4037 
		4038 4039 4040 4041 4042 4043 4044 4045 4046 4047 4048 4050 4053 4054 4055 4056 4057 4058 4059 4061 4062 4063 4064 4065 4066 4067 
		4068 4069 4070 4071 4072 4073 4074 4075 4076 4077 4101 4102 4104 4106 4108 4133 4134 4154 10965 10966 10967 10972 10973 10974 10975 10976 
		10977 10978 10979 10980 10981 10982 10983 10984 10985 10986 10987 10988 10989 10990 10991 11224 11225 11226 11227 11228 11229 11231 11232 11233 11234 11235 
		11236 11237 11238 11239 11240 11241 11242 11243 11244 11245 11246 11247 11248 11249 11250 11251 11252 11253 11254 11262 11316 11317 11318 11319 11320 11321 
		11322 11323 11324 11973 11974 11975 11976 11977 11978 11979 11980 11981 11982 11983 11984 11985 11986 11987 11988 11990 11991 12878 13116 13117 13118 13119 
		13120 13122 13123 13124 13125 13126 13127 13128 13130 13131 13132 13133 13134 13135 13136 13137 13138 13139 13140 13141 13142 13143 13144 13145 13146 13147 
		13148 13149 13150 13151 13152 13153 13154 13155 13156 13159 13165 13166 13168 13169 13170 13171 13172 13173 13174 13175 13176 13177 13178 13179 13180 13197 
		13203 13204 13205 13206 13207 13208 13209 13210 13211 13212 13216 13225 13239 13240 13241 13242 13243 13244 13245 13246 14294 14297 
	}

}
# Brazil
brazil = {
	color = { 148 135 39 }
	location = 1531
	inland = no
	outgoing = {
		name = "ivory_coast"
		path = {
			1469 1470 1584 
		}

		control = {
			2218.000000  887.000000 2534.000000  992.000000 
		}
	}
	members = {
		 742  743  744  745  746  747  748  749  750  751  752  753  754  755  756  757  758  759  760  761  762  763  764  765  766  768 
		 769  800  801  802  803 1531 1656 1803 2811 2815 2816 2831 2832 2885 2886 2888 2889 2890 2891 2892 2893 2894 2895 2896 2897 2898 
		2899 2900 2901 2902 2903 2904 2905 2906 2907 2908 2909 2910 2911 2912 2913 2914 2915 2916 2917 2918 2919 2920 2921 2922 2923 2924 
		2925 2926 2927 2928 2929 2930 2931 2933 2934 2935 2936 2937 2938 4617 4834 4836 4837 4838 4839 8351 8352 8353 8354 8355 8356 8359 
		9086 9087 9088 9089 9090 9091 9528 9529 9530 9531 9532 9533 9534 9535 9536 9537 9538 9539 10050 10051 10052 10053 10054 10055 10056 10057 
		10058 10059 10060 10061 10063 10064 10065 10066 10069 10070 10092 10093 10094 10095 10096 10097 10098 10100 10105 10106 10107 12252 12253 12254 12255 12256 
		12257 12258 12259 12260 12261 12262 12263 12264 12265 12266 13365 13368 13369 13370 13371 13372 13373 13374 13375 13381 13382 13383 13389 13391 13392 13393 
		13394 13395 13396 13397 13398 13399 13400 13401 13402 13403 13404 13405 13406 13407 13408 13409 13410 13411 13412 13413 13414 13415 13416 13417 13418 13419 
		13420 13421 13422 13423 13424 13425 13426 13427 13428 13429 13430 13431 13432 13433 13434 13435 13436 13437 13438 13439 13440 13441 13442 13443 13444 13445 
		13446 13447 13448 13449 13450 13451 13452 13453 13454 13455 13456 13457 13458 13459 13460 13461 13462 13463 13464 13465 13466 13467 13468 13469 13470 13471 
		13472 13473 13474 13475 13476 13477 13478 13479 13480 13481 13482 13483 13484 13485 13486 13487 13488 13489 13490 13491 13492 13493 13494 13495 13496 13497 
		13498 13499 13500 13501 13502 13503 13504 13505 13506 13507 13508 13509 13510 13511 13512 13513 13514 13515 13516 13517 13518 13519 13520 13521 13522 13523 
		13524 13525 13526 13527 13528 13529 13530 13531 13532 13533 13534 13535 13536 13537 13538 13539 13540 13541 13542 13543 13544 13545 13546 13547 13548 13549 
		13550 13551 13552 13553 13554 13555 13556 13557 13558 13559 13560 13561 13562 13563 13564 13565 13566 13567 13568 13569 13570 13571 13572 13573 13574 13575 
		13576 13577 13578 13579 13580 13581 13582 13583 13584 13585 13586 13587 13588 13589 13590 13591 13592 13593 13594 13595 13596 13597 13598 13599 13600 13601 
		13602 13603 13604 13605 13606 13607 13608 13609 13610 13611 13612 13613 13614 13615 13616 13617 13618 13619 13620 13621 13622 13623 13624 13625 13626 13627 
		13628 13629 13630 13631 13632 13633 13634 13635 13636 13637 13638 13639 13640 13641 13642 13643 13644 13645 13646 13647 13648 13649 13650 13651 13652 13653 
		13654 13655 13656 13657 13658 13659 13660 13661 13662 13663 13664 13665 13666 13668 13669 13670 13671 13672 13673 13674 13675 13676 13677 13678 13679 13680 
		13681 13682 13683 13684 13685 13686 13687 13688 13689 13690 13691 13692 13693 13694 13695 13696 13697 13698 13699 13700 13701 13702 13703 13704 13705 13706 
		13707 13708 13709 13711 13712 13713 13714 13717 13718 13719 13720 13721 13722 13723 13724 13725 13726 13727 13728 13729 13730 13731 13732 13733 13734 13735 
		13736 13737 13738 13739 13740 13741 13742 13743 13744 13745 13746 13747 13748 13749 13750 13751 13752 13753 13754 13755 13756 13757 13758 13759 13760 13761 
		13762 13763 13764 13765 13766 13767 13768 13769 13770 13771 13772 13773 13774 13775 13778 13784 13785 13786 13787 13788 13789 13790 13791 13792 13793 13794 
		13795 13796 13797 13798 13799 13800 13801 13802 13803 13804 13805 13806 14317 
	}

}
# Philippines
philippines = {
	color = { 228 206 62 }
	location = 1397
	inland = no
	outgoing = {
		name = "the_moluccas"
		path = {
			1357 1399 
		}

		control = {
			4536.000000 1091.000000 4506.000000 1022.000000 4487.000000  921.000000 
		}
	}
	outgoing = {
		name = "polynesia_node"
		path = {
			1403 1434 1676 1734 
		}

		control = {
			4562.000000 1206.000000 4571.000000 1206.000000 4577.000000 1201.000000 4593.000000 1212.000000 4647.000000 1218.000000 4925.000000 
			1254.000000 5245.000000 1319.000000 5478.000000 1391.000000 
		}
	}
	members = {
		 651  652  653  654  655  656  657  658 1397 1398 1898 2697 2698 2699 2700 2701 2702 4348 4349 4350 4351 4352 4353 4354 4355 4356 
		9466 9467 9707 9708 9709 9710 9711 9712 9713 9714 9715 9716 9717 9718 9719 9720 9721 9722 9723 9724 9725 9726 9727 9729 9730 9731 
		9732 9733 9734 9735 9736 9737 9738 9739 9740 9741 9742 9743 9744 9745 9746 9747 9748 9749 9750 9751 9752 9753 9754 9755 9756 9757 
		9758 9759 9760 9761 9762 9763 9764 
	}

}
# Siam
gulf_of_siam = {
	color = { 84 152 93 }
	location = 1365
	inland = no
	outgoing = {
		name = "malacca"
		path = {
			1361 1362 1364 
		}

		control = {
			4234.000000 1136.000000 4267.000000 1090.000000 
		}
	}
	members = {
		 590  591  592  593  600  601  602  603  604  605  606  607  608  609  611  612  614  615 1022 1817 1823 1844 2374 2375 2376 2377 
		2378 2379 2380 2381 2382 2383 2384 2385 2386 2387 2388 2389 2390 2403 2404 10167 10170 10171 10172 10173 10174 10178 10179 10180 10181 10182 
		10183 10184 10185 10186 10187 10188 10189 10190 10191 10192 10193 10194 10195 10196 10197 10198 10199 10200 10201 10202 10203 10204 10205 10206 10207 10208 
		10209 10210 10211 10212 10213 10215 10216 10217 10218 10219 10220 10221 10222 10223 10224 10225 10226 10227 10228 10229 10230 10231 10232 10233 10234 10235 
		10236 10237 10238 10239 10240 10241 10242 10243 10244 10245 10246 10247 10248 10249 10250 10251 10252 10253 10254 10256 10257 10258 10259 10260 10261 10262 
		10263 10264 10265 10266 10267 10268 10269 10270 10271 10272 10273 10274 10275 10276 10277 10278 10279 10280 10281 10282 10308 12802 12803 12804 12805 12806 
	}

}
# Polynesian Triangle
polynesia_node = {
	color = { 220 138 57 }
	location = 1997
	inland = no
	outgoing = {
		name = "nippon"
		path = {
			1437 1439 1671 1672 1675 
		}

		control = {
			5397.000000 1465.000000 4962.000000 1507.000000 4785.000000 1537.000000 4713.000000 1525.000000 4700.000000 1548.000000 4689.000000 
			1552.000000 4678.000000 1559.000000 
		}
	}
	outgoing = {
		name = "australia"
		path = {
			1427 1431 1732 1733 1735 
		}

		control = {
			5486.000000 1263.000000 5308.000000 1044.000000 5175.000000  819.000000 5097.000000  694.000000 
		}
	}
	outgoing = {
		name = "panama"
		path = {
			 835 1547 1548 1702 1708 1711 1736 1740 1741 
		}

		control = {
			5616.000000 1402.000000   22.000000 1386.000000  149.000000 1330.000000  282.000000 1276.000000  845.000000 1199.000000 1204.000000 
			1111.000000 1367.000000 1096.000000 
		}
	}
	members = {
		1106 1107 1108 1109 1235 1238 1239 1240 1241 1242 1243 1244 1246 1407 1423 1431 1432 1676 1723 1726 1986 1987 1988 1989 1990 1991 
		1992 1993 1994 1995 1997 2737 2738 2739 3112 3113 3142 3214 3215 3216 3217 3238 3239 3240 8555 8556 8557 8558 8559 8560 8561 8562 
		8563 8564 8565 8566 8567 8568 8569 8570 8571 8572 8573 8574 8575 8576 8577 8578 8579 8580 8581 8582 8583 8584 8585 8586 8587 8588 
		8589 8590 8591 8592 8593 8594 8595 8596 8597 8598 8599 8600 8601 8602 9845 9847 9870 9871 9872 9873 9874 9875 9876 9877 9878 9879 
		9880 9881 9882 9883 9884 9885 10563 10564 10565 10566 10567 10568 10569 10570 10571 10572 10573 10574 10575 10576 10577 10578 10579 10580 14305 
	}

}
# Nippon
nippon = {
	color = { 12 36 194 }
	location = 1376
	inland = no
	outgoing = {
		name = "hangzhou"
		path = {
			 684 1373 1389 
		}

		control = {
			4647.000000 1543.000000 4571.000000 1505.000000 4532.000000 1495.000000 
		}
	}
	members = {
		 729  731  732  733  734  735  736  737 1012 1013 1014 1015 1017 1018 1019 1020 1021 1023 1024 1025 1026 1027 1028 1029 1030 1031 
		1032 1387 1389 1440 1671 1818 1819 1820 1825 1830 1832 1835 1837 1839 1843 1845 1847 1850 1852 2107 2108 2186 2188 2694 2741 2742 
		2743 2744 2745 4131 4180 4181 4182 4183 4184 4185 4186 4187 4188 4189 4190 4191 4192 4193 4201 4217 4225 4227 4228 4229 4230 4231 
		4232 4359 4360 5883 5885 5886 5887 5888 5889 5890 5892 5893 5894 5895 5896 5897 5898 5899 5900 5901 5902 5903 5904 5905 5906 5907 
		5908 5909 5910 5917 5919 5920 5921 5922 5923 11700 11701 11702 11703 11707 11905 11906 11907 11908 11909 11992 11993 11994 11995 11996 11997 11998 
		11999 12000 12001 12002 12003 12004 12005 12006 12007 12008 12009 12010 12011 12012 12013 12014 12015 14279 14346 14394 
	}

}
# Australia
australia = {
	color = { 76 229 45 }
	location = 1411
	inland = no
	outgoing = {
		name = "the_moluccas"
		path = {
			1357 1401 1407 1409 1410 1411 
		}

		control = {
			4955.000000  736.000000 4884.000000  844.000000 4777.000000  860.000000 4674.000000  912.000000 4572.000000  896.000000 
		}
	}
	members = {
		1084 1085 1086 1087 1088 1089 1090 1091 1092 1093 1094 1236 1237 1411 1434 1790 1791 2720 2721 2726 2727 2728 2729 2730 2731 2732 
		2733 2734 2735 2736 3044 3045 3048 3049 3050 3051 3052 3053 3054 3055 3056 3119 3122 3144 3145 7948 7949 7950 7951 7952 7953 7954 
		7955 7956 7957 7958 7959 7960 7961 7962 7963 7964 7965 7966 7967 7968 7969 7970 7971 7972 7973 7974 7975 7976 7977 7978 7979 7980 
		7981 7982 7983 7984 7985 7986 7987 7988 7989 7990 7991 7992 7993 7994 7995 7996 7997 7998 7999 8000 8001 8002 8003 8004 8005 8006 
		8007 8008 8009 8010 8011 8012 8013 8014 8015 8016 8017 8018 8019 8020 8021 8022 8023 8024 8025 8026 8027 8028 8029 8030 8031 8032 
		8033 8034 8035 8036 8037 8038 8039 8040 8041 8042 8043 8044 8045 8046 8047 8048 8049 8050 8051 8052 8053 8054 8055 8056 8057 8058 
		8059 8060 8061 8062 8063 8064 8065 8066 8067 8068 8069 8070 8071 8072 8073 8074 8075 8076 8077 8078 8079 8080 8081 8082 8083 8084 
		8085 8086 8087 8088 8089 8090 8091 8092 8093 8094 8095 8096 8097 8098 8099 8100 8101 8102 8103 8104 8105 8106 8107 8108 8109 8110 
		8111 8112 8113 8114 8115 8116 8117 8118 8119 8120 8121 8122 8123 8124 8125 8126 8127 8128 8129 8130 8131 8132 8133 8134 8135 8136 
		8137 8138 8139 8140 8141 8142 8143 8144 8145 8146 8147 8148 8149 8150 8151 8152 8153 8154 8155 8156 8157 8158 8159 8160 8161 8162 
		8163 8164 8165 8166 8167 8168 8169 8170 8171 8172 8173 8174 8175 8176 8177 8178 8179 8180 8181 8182 8183 8184 8185 8186 8187 8188 
		8189 8190 8191 8192 8193 8194 8195 8196 8197 8198 8199 8200 8201 8202 8203 8204 8205 8206 8207 8208 8209 8210 8211 8212 8213 8214 
		8215 8216 8217 8218 8219 8220 8221 8222 8223 8224 8225 8226 8227 8228 8229 8230 8231 8232 8233 8234 8235 8236 8237 8238 8239 8240 
		8241 8242 8243 8244 8245 8246 8247 8248 8249 8250 8251 8252 9843 9844 9846 9848 9849 
	}

}
# Panama
panama = {
	color = { 65 221 29 }
	location = 835
	inland = no
	outgoing = {
		name = "carribean_trade"
		path = {
			1515 1516 1517 
		}

		control = {
			1424.000000 1203.000000 1442.000000 1272.000000 
		}
	}
	members = {
		 491  822  823  824  825  826  827  828  829  830  832  834  835  836  837  838  839  840  841  843 1657 2634 2636 2637 2638 2640 
		2653 2660 2661 2662 2663 2664 2806 2807 2808 2809 2812 2813 2814 2817 2818 2819 4587 4589 4592 4593 4594 4595 4596 4597 4599 4600 
		4601 4602 4603 4607 4608 4609 4610 4611 4613 4614 4810 4811 4812 4813 4814 4815 4816 4817 4818 4819 4820 4821 4822 4823 4824 4825 
		4826 4827 4828 4829 4830 4831 4832 4833 4835 8253 8254 8255 8256 8257 8258 8259 8260 8261 8262 8263 8264 8265 8266 8267 8268 8269 
		8270 8271 8272 8273 8274 8275 8276 8277 8278 8279 8280 8281 8282 8283 8286 8287 8288 8289 8291 8292 8293 8294 8295 8296 8297 8298 
		8299 8300 8301 8302 8303 8304 8305 8306 8307 8308 8309 8310 8311 8312 8313 8314 8315 8316 8317 8318 8319 8321 8328 9512 9513 9514 
		9515 9517 9518 9519 9520 9521 9522 9523 9524 9525 9526 9527 9765 9768 9769 9770 9771 9772 9773 9774 9775 9776 9777 9778 9779 9780 
		9781 9782 9783 9784 9785 9786 9787 9788 9789 9790 9791 9792 9793 9794 9850 9851 9852 9853 9854 9856 9857 9858 9859 9860 9861 9862 
		9863 9864 9865 9866 9867 9868 9869 10038 10039 10040 10041 10042 10043 10044 10045 10046 10047 10048 10049 10995 10996 14390 
	}

}
# Hangzhou
hangzhou = {
	color = { 181 32 85 }
	location = 684
	inland = no
	outgoing = {
		name = "xian"
		path = {
			 686  687  689  698  707 2134 2175 
		}

		control = {
			4500.000000 1514.000000 4468.000000 1555.000000 4408.000000 1567.000000 
		}
	}
	outgoing = {
		name = "beijing"
		path = {
			 684 1373 1374 1375 
		}

		control = {
			4561.000000 1516.000000 4559.000000 1623.000000 4492.000000 1634.000000 
		}
	}
	outgoing = {
		name = "malacca"
		path = {
			1360 1361 1368 1373 1392 1393 1395 
		}

		control = {
			4563.000000 1486.000000 4552.000000 1404.000000 4532.000000 1330.000000 4384.000000 1137.000000 4329.000000 1054.000000 
		}
	}
	members = {
		 669  670  671  682  683  684  685  686  687  688  692  738 1655 1821 1822 1824 1829 1833 1836 1838 1895 1896 2140 2141 2142 2143 
		2144 2145 2146 2147 2148 2149 2150 2151 2152 2153 2154 2155 2158 2171 2174 2175 2176 2178 4196 4197 11728 11739 11740 11741 11744 11746 
		11747 11750 11751 11752 11753 11754 11755 11756 11757 11758 11759 11760 11761 11762 11763 11764 11765 11766 11767 11768 11769 11770 11771 11773 11774 11775 
		11776 11777 11778 11779 11780 11781 11783 11784 11785 11786 11787 11788 11789 11790 11791 11792 11793 11794 11795 11796 11800 11801 11802 11803 11804 11805 
		11806 11810 11811 11812 11813 11837 11892 11893 11894 11895 11896 11897 11898 11899 11900 11901 11902 11903 11904 14278 14343 
	}

}
# The Moluccas
the_moluccas = {
	color = { 44 35 50 }
	location = 1357
	inland = no
	outgoing = {
		name = "malacca"
		path = {
			1358 1360 
		}

		control = {
			4515.000000  885.000000 4384.000000  936.000000 4339.000000  970.000000 
		}
	}
	members = {
		 625  626  627  628  629  631  632  633  634  635  641  642  643  644  645  646  647  648  649  650 1245 1355 1357 1400 1403 1789 
		1996 2688 2689 2690 2691 2692 2693 2695 2696 2713 2714 2715 2716 2717 2718 2719 2722 2723 2724 2725 3047 3120 9373 9375 9376 9377 
		9378 9379 9380 9381 9382 9383 9384 9385 9386 9387 9388 9389 9390 9391 9392 9393 9394 9395 9396 9397 9398 9399 9400 9401 9402 9403 
		9404 9405 9406 9407 9408 9409 9411 9412 9413 9414 9415 9416 9417 9418 9419 9420 9421 9422 9423 9424 9425 9426 9427 9428 9429 9430 
		9431 9432 9433 9434 9435 9436 9437 9438 9439 9440 9441 9442 9443 9444 9445 9446 9447 9448 9450 9451 9452 9453 9454 9455 9456 9457 
		9458 9459 9460 9461 9462 9463 9464 9465 9468 9469 9470 9471 9472 9473 9474 9475 9476 9477 9478 9479 9480 9481 9482 9483 9484 9485 
		9486 9487 9488 9489 9490 9491 9492 9493 9494 9495 9496 9497 9498 9499 9500 9501 9502 9503 9504 9834 9835 9836 9837 9838 9839 9840 
		9841 9842 9886 9887 9888 9889 9890 9891 9892 9893 9894 9895 9896 9897 9902 14273 
	}

}
# Xi'an
xian = {
	color = { 81 50 133 }
	location = 700
	inland = yes
	outgoing = {
		name = "yumen"
		path = {
			 695  697  701  707  709 2136 
		}

		control = {
			4322.000000 1558.000000 4268.000000 1576.000000 4230.000000 1618.000000 4179.000000 1655.000000 
		}
	}
	outgoing = {
		name = "beijing"
		path = {
			 695  697  701  707  709 2136 
		}

		control = {
			4387.000000 1574.000000 4409.000000 1574.000000 4441.000000 1618.000000 4462.000000 1637.000000 
		}
	}
	members = {
		 693  694  697  698  699  701  702  709 2177 2179 2181 2182 2747 4223 11725 11726 11727 11729 11730 11731 11732 11733 11848 11849 11850 11851 
		11852 11857 11858 
	}

}
# Malacca
malacca = {
	color = { 130 63 22 }
	location = 1361
	inland = no
	outgoing = {
		name = "ganges_delta"
		path = {
			1343 1344 1345 1347 1348 
		}

		control = {
			4258.000000 1018.000000 4154.000000 1114.000000 4117.000000 1218.000000 4056.000000 1307.000000 
		}
	}
	outgoing = {
		name = "zanzibar"
		path = {
			1352 1448 1450 1617 1620 1621 1623 1624 
		}

		control = {
			4312.000000  959.000000 4227.000000  901.000000 3780.000000  981.000000 3487.000000  941.000000 
		}
	}
	members = {
		 594  595  596  597  598  599  617  618  619  620  621  622  623  624  630  636  637  638  639  640  659 1367 1998 1999 2391 2392 
		2393 2394 2673 2674 2675 2676 2677 2678 2679 2680 2681 2682 2683 2684 2685 2686 2687 2703 2704 2705 2706 2707 2708 2709 2710 2711 
		2712 2740 3213 9250 9251 9252 9253 9254 9255 9256 9257 9258 9259 9260 9261 9262 9263 9264 9265 9266 9267 9268 9269 9270 9271 9272 
		9273 9274 9275 9276 9277 9278 9279 9280 9281 9282 9283 9284 9285 9286 9287 9288 9289 9290 9291 9292 9293 9294 9296 9297 9298 9299 
		9300 9301 9302 9303 9304 9305 9306 9307 9308 9309 9311 9312 9313 9314 9315 9316 9317 9318 9319 9320 9321 9322 9323 9324 9325 9326 
		9327 9328 9329 9330 9331 9332 9333 9334 9335 9336 9337 9338 9339 9340 9341 9342 9343 9344 9345 9346 9347 9348 9349 9350 9351 9352 
		9353 9354 9355 9356 9357 9358 9359 9360 9361 9362 9363 9364 9365 9366 9367 9368 9369 9370 9371 9372 9374 9898 9899 9900 9901 9903 
		9904 9905 9906 9907 9908 9909 9910 9911 9912 9913 9914 9915 9916 9917 9918 9919 9920 9921 9922 9923 9924 9925 9926 9927 9928 9929 
		9930 9931 9932 9933 9934 9935 9936 9937 9938 9939 9940 9941 9942 9943 9944 9945 9946 9947 9948 9949 9950 9951 9952 9953 9954 9955 
		9956 9957 9958 9959 9960 9961 9962 9963 10111 10112 10113 10114 10115 10116 10117 10118 10119 10120 10121 10122 10123 10124 10125 10126 10127 10128 
		10129 10130 10131 10132 10133 10134 10135 10136 10137 10139 10140 10141 10142 10143 10144 10145 10146 10147 10148 10149 10150 10151 10152 10153 10154 10155 
		10156 10157 10158 10159 10160 10161 10162 10163 10164 10165 10166 10168 10176 10177 14349 
	}

}
# Beijing
beijing = {
	color = { 13 172 95 }
	location = 4233
	inland = no
	outgoing = {
		name = "yumen"
		path = {
			 695  697  701  707  709 2136 
		}

		control = {
			4417.000000 1653.000000 4348.000000 1608.000000 4263.000000 1605.000000 4179.000000 1658.000000 
		}
	}
	members = {
		 690  691  695  696  703  704  722  724  725  726  727  728  730 1049 1053 1375 1816 2102 2104 2105 2109 2110 2111 2112 2113 2115 
		2136 2137 2138 2139 2185 2187 3009 3010 4194 4195 4200 4202 4203 4218 4233 5858 5859 5860 5862 5863 5864 5865 5866 5867 5868 5869 
		5870 5871 5872 5873 5874 5875 5876 5877 5878 5879 5880 5881 5882 5884 11699 11704 11705 11706 11708 11709 11710 11711 11712 11713 11714 11715 
		11716 11717 11718 11719 11720 11721 11722 11734 11735 11736 11737 11738 11742 11743 11745 11748 11749 11891 14397 
	}

}
# Bengal
ganges_delta = {
	color = { 15 117 56 }
	location = 1343
	inland = no
	outgoing = {
		name = "comorin_cape"
		path = {
			1340 1341 1342 
		}

		control = {
			3954.000000 1266.000000 3888.000000 1167.000000 3873.000000 1133.000000 
		}
	}
	outgoing = {
		name = "doab"
		path = {
			 450  451  453  454  578 
		}

		control = {
			4016.879883 1342.959961 4008.000000 1402.000000 3957.000000 1417.000000 3923.000000 1408.000000 3885.000000 1424.000000 
		}
	}
	members = {
		 552  553  560  561  562  563  564  567  568  571  579  586 1815 1950 2038 2039 2042 2043 2044 2045 2046 2049 2080 2081 2091 2096 
		2098 2402 4399 4441 4446 4448 4450 4451 4470 4471 4472 4473 4474 4475 4476 4477 4478 4479 12112 12114 12115 12175 12176 12177 12178 12179 
		12181 12182 12183 12184 12185 12186 12187 12188 12189 12190 12191 12192 12193 12194 12195 12200 12208 12209 12210 12211 12212 12213 12214 12217 12218 12219 
		12220 12221 12222 12223 12224 12225 12227 12241 12242 12244 12245 12808 12809 12810 12811 12812 12813 12814 12815 12816 12817 12819 12836 12837 12841 12842 
		12843 12844 12845 12846 12847 12848 12849 12850 12851 12852 12853 12854 12855 12856 12857 12858 12859 12860 12862 12864 12867 12868 
	}

}
# Yumen
yumen = {
	color = { 39 25 41 }
	location = 707
	inland = yes
	outgoing = {
		name = "samarkand"
		path = {
			 454  713  739 1786 1967 2127 4210 
		}

		control = {
			4028.000000 1662.000000 3949.000000 1675.000000 3862.000000 1652.000000 3819.000000 1647.000000 3769.000000 1671.000000 3728.000000 
			1662.000000 3702.000000 1660.000000 3687.000000 1653.000000 
		}
	}
	members = {
		 717  718  719  720  721  723 1057 1058 2114 2116 2117 2189 2190 2193 2446 4219 4220 4221 4222 5805 5819 5820 5821 5822 5823 5824 
		5825 5826 5827 5828 5829 5830 5831 5832 5833 5838 5839 5840 5841 5842 5843 5844 5845 5846 5847 5848 5849 5850 5851 5852 5853 5854 
		5855 5856 5857 11611 11612 11613 11614 11615 11616 11617 11618 11619 11723 11724 14281 14285 14303 14341 
	}

}
# Doab
doab = {
	color = { 154 238 130 }
	location = 524
	inland = yes
	outgoing = {
		name = "deccan"
		path = {
			 525 2093 
		}

		control = {
			3856.000000 1399.000000 3841.000000 1359.000000 3825.000000 1339.000000 3825.000000 1310.000000 
		}
	}
	outgoing = {
		name = "lahore"
		path = {
			 522 2065 
		}

		control = {
			3852.000000 1451.000000 3836.000000 1479.000000 3810.000000 1500.000000 
		}
	}
	members = {
		 523  524  525  528  550  555  556  558  559  740 2047 2055 2059 2063 2094 2095 2097 4459 4466 4467 4468 4469 4483 4484 4486 4487 
		4488 4489 4490 4491 4494 4495 4496 4497 4499 12061 12062 12063 12064 12065 12066 12067 12068 12069 12070 12071 12072 12073 12074 12075 12077 12078 
		12079 12080 12081 12082 12083 12084 12096 12097 12098 12099 12100 12101 12110 12111 12196 12197 12198 12199 12201 12202 12203 12204 12205 12206 12207 
	}

}
# Deccan
deccan = {
	color = { 241 13 61 }
	location = 1948
	inland = yes
	outgoing = {
		name = "gujarat"
		path = {
			 517 1337 4311 
		}

		control = {
			3815.000000 1310.000000 3803.000000 1343.000000 3783.000000 1346.000000 3779.000000 1361.000000 
		}
	}
	outgoing = {
		name = "comorin_cape"
		path = {
			 541 3015 4292 4300 
		}

		control = {
			3834.000000 1259.000000 3843.000000 1227.000000 3827.000000 1187.000000 3841.000000 1143.000000 
		}
	}
	members = {
		 526  527  542  544  545  546  547  548  551 1437 1948 2028 2034 2035 2036 2037 2050 2056 2057 2082 2092 4432 4433 4434 4435 4436 
		4437 4438 4442 4443 4444 4445 4447 4452 4453 4458 4460 4461 12104 12105 12106 12107 12108 12109 12113 12116 12117 12118 12119 12120 12132 12133 
		12134 12135 12136 12137 12138 12139 12140 12143 12144 12145 12146 12147 12148 12151 12152 12180 12251 
	}

}
# Lahore
lahore = {
	color = { 63 150 30 }
	location = 507
	inland = yes
	outgoing = {
		name = "samarkand"
		path = {
			 450  451  453  454  578 
		}

		control = {
			3786.000000 1533.000000 3766.000000 1554.000000 3729.000000 1561.000000 3702.000000 1572.000000 3696.000000 1602.000000 3666.000000 
			1619.000000 
		}
	}
	outgoing = {
		name = "persia"
		path = {
			 446  450  451  578 
		}

		control = {
			3749.000000 1478.000000 3716.000000 1457.000000 3698.000000 1478.000000 3663.000000 1502.000000 3602.000000 1499.000000 3542.000000 
			1497.000000 3494.000000 1510.000000 3469.000000 1540.000000 3444.000000 1552.000000 3442.000000 1574.000000 3438.000000 1588.000000 
		}
	}
	outgoing = {
		name = "gujarat"
		path = {
			 504  506 
		}

		control = {
			3802.000000 1474.000000 3819.000000 1447.000000 3819.000000 1424.000000 3789.000000 1399.000000 3775.000000 1373.000000 
		}
	}
	members = {
		 506  507  508  509  510  511  578 2069 2072 2073 2075 2076 2077 2078 2079 2086 4411 4449 4463 4493 4507 4508 4509 4510 4511 4513 
		4521 11576 11577 11578 11579 11580 11581 11582 11583 11584 11585 11586 11587 11588 11589 11590 11591 11592 11593 11594 11595 11596 11597 11598 11599 11600 
		11601 11602 11603 11604 11605 11606 11607 11608 11609 11610 12019 12020 12021 12022 12023 12024 12025 12026 12027 12028 12029 12030 12031 12032 12033 12034 
		12035 12036 12038 12039 12040 12041 12042 12043 12044 12046 12054 12055 12056 12060 12085 
	}

}
# Coromandel
comorin_cape = {
	color = { 212 147 69 }
	location = 1340
	inland = no
	outgoing = {
		name = "gulf_of_aden"
		path = {
			1331 1451 1615 
		}

		control = {
			3752.000000 1156.000000 3536.000000 1215.000000 
		}
	}
	outgoing = {
		name = "gujarat"
		path = {
			 504 1337 1338 1339 
		}

		control = {
			3798.000000 1199.000000 3766.000000 1278.000000 3771.000000 1338.000000 
		}
	}
	outgoing = {
		name = "zanzibar"
		path = {
			1336 1447 1451 1452 1453 
		}

		control = {
			3716.000000 1106.000000 3405.000000  955.000000 
		}
	}
	members = {
		 531  532  533  534  535  536  537  538  539  540  541  543  549  569  572  574 1248 1340 1612 1947 1949 2026 2027 2029 2031 2032 
		2033 2048 2083 2084 2085 2090 2099 2100 2101 4407 4408 4409 4410 4412 4413 4414 4415 4416 4417 4418 4419 4420 4421 4422 4423 4424 
		4425 4426 4427 4428 4431 4439 12016 12017 12018 12141 12142 12149 12150 12153 12154 12155 12156 12157 12158 12159 12161 12162 12163 12164 12165 12166 
		12167 12168 12169 12170 12171 12172 12173 12174 12249 12250 
	}

}
# Samarkand
samarkand = {
	color = { 80 75 168 }
	location = 454
	inland = yes
	outgoing = {
		name = "persia"
		path = {
			 426  437  438  441  442 2214 
		}

		control = {
			3641.000000 1621.000000 3606.000000 1586.000000 3566.000000 1594.000000 3532.000000 1613.000000 3497.000000 1612.000000 3477.000000 
			1597.000000 
		}
	}
	outgoing = {
		name = "astrakhan"
		path = {
			 440  442  443  464  465  470 
		}

		control = {
			3624.000000 1654.000000 3596.000000 1677.000000 3559.000000 1701.000000 3479.000000 1756.000000 3466.000000 1787.000000 3414.000000 
			1787.000000 
		}
	}
	members = {
		 713  715 1653 4136 4206 5654 5656 5758 5759 5760 5761 5762 11889 14288 14289 
	}

}
# Gujarat
gujarat = {
	color = { 135 104 85 }
	location = 4457
	inland = no
	outgoing = {
		name = "gulf_of_aden"
		path = {
			1331 1332 1333 1336 
		}

		control = {
			3746.000000 1328.000000 3538.000000 1259.000000 
		}
	}
	outgoing = {
		name = "hormuz"
		path = {
			1334 1336 
		}

		control = {
			3742.000000 1367.000000 3700.000000 1366.000000 3553.000000 1399.000000 
		}
	}
	outgoing = {
		name = "zanzibar"
		path = {
			1336 1447 1451 1452 1453 
		}

		control = {
			3756.000000 1324.000000 3621.000000 1226.000000 3376.000000  986.000000 
		}
	}
	members = {
		 503  504  505  512  513  514  515  516  517  518  519  520  521  522  529  530 1946 2030 2051 2052 2053 2054 2058 2060 2061 2062 
		2064 2065 2066 2067 2087 2088 2089 2093 4429 4430 4454 4455 4456 4457 4462 4464 4465 4480 4498 4500 4501 4502 4503 4504 4505 4506 
		4512 11573 11574 11575 12045 12047 12048 12049 12050 12051 12052 12053 12057 12058 12059 12076 12086 12087 12088 12089 12090 12091 12092 12093 12094 12095 
		12102 12103 12121 12122 12123 12124 12125 12126 12127 12128 12129 12130 12131 12160 14338 
	}

}
# Astrakhan
astrakhan = {
	color = { 119 120 175 }
	location = 464
	inland = yes
	outgoing = {
		name = "kazan"
		path = {
			 303  466 1081 1082 
		}

		control = {
			3358.000000 1812.000000 3336.000000 1822.000000 3343.000000 1843.000000 3355.000000 1872.000000 3390.000000 1894.000000 3392.000000 
			1927.000000 
		}
	}
	outgoing = {
		name = "crimea"
		path = {
			 287  468 1323 
		}

		control = {
			3353.000000 1802.000000 3316.000000 1803.000000 3276.000000 1799.000000 3257.000000 1790.000000 3221.000000 1777.000000 3200.000000 
			1740.000000 3161.000000 1733.000000 
		}
	}
	members = {
		 303  464  466 1067 1071 1076 2417 2418 5214 5247 5248 5260 5261 5262 5263 5264 5265 5266 5267 5268 5269 5270 5271 5272 5281 5282 
		5283 5284 5285 5286 5287 5288 5289 5290 5291 5292 5293 5294 5295 5296 5297 5298 5299 5300 5301 5302 5303 5304 5305 5306 5307 5308 
		5309 5310 5311 5331 5332 5333 5360 5361 5362 5363 5364 5365 5366 5367 5368 5369 5370 5371 5372 5582 5583 5585 5587 5588 5596 5597 
		5598 5601 5602 5603 5604 5605 5606 5607 5630 5631 5632 5633 5634 5635 5636 5637 5638 5640 5641 5651 5652 5653 5655 5657 5658 5659 
		5660 5661 5662 5663 5664 5665 5666 5667 14287 
	}

}
# Gulf of Aden
gulf_of_aden = {
	color = { 48 54 167 }
	location = 4346
	inland = no
	outgoing = {
		name = "zanzibar"
		path = {
			1446 1447 1448 
		}

		control = {
			3433.000000 1127.000000 3373.000000 1041.000000 3305.000000  979.000000 
		}
	}
	outgoing = {
		name = "alexandria"
		path = {
			 358  361 1328 1329 1330 
		}

		control = {
			3321.169922 1201.170044 3238.000000 1345.000000 3180.000000 1432.000000 3155.000000 1461.000000 3139.000000 1492.000000 3119.000000 
			1504.000000 
		}
	}
	outgoing = {
		name = "hormuz"
		path = {
			 395 1335 1779 2343 
		}

		control = {
			3556.000000 1299.000000 3579.000000 1369.000000 3535.000000 1395.000000 
		}
	}
	outgoing = {
		name = "ethiopia"
		path = {
			 358  361 1328 1329 1330 
		}

		control = {
			3352.929932 1187.380005 3304.889893 1188.599976 3279.000000 1180.000000 3249.000000 1190.000000 
		}
	}
	members = {
		 387  388  389  390  391  401  402 1099 1205 1206 1209 1212 1215 1230 1232 1331 2024 2341 2343 2344 2345 2346 2765 2774 2775 2776 
		2777 2778 2780 2782 2783 2784 2785 2786 2787 2788 2789 2790 2792 2793 2794 2795 3267 3268 4051 4279 4280 4281 4282 4283 4284 9971 
		10846 10849 10850 10851 10852 10853 10854 10855 10884 10885 10886 10887 10888 10920 10921 10922 10923 10924 10925 10961 10962 10963 10968 10969 10970 10971 
		10992 10993 10994 11416 11417 11418 11419 11420 11421 11422 11423 11424 11425 14422 14449 14450 14451 14452 14453 14454 14455 14456 14457 14458 
	}

}
# Kazan
kazan = {
	color = { 187 118 181 }
	location = 1082
	inland = yes
	outgoing = {
		name = "novgorod"
		path = {
			 306  307  308  310  312 
		}

		control = {
			3368.000000 1967.000000 3314.000000 1965.000000 3278.000000 1937.000000 3257.000000 1938.000000 3210.000000 1964.000000 3167.000000 
			2005.000000 3132.000000 2018.000000 
		}
	}
	members = {
		 305  473 1074 1075 1077 1078 1079 1080 1081 1082 1083 1888 1962 1963 1964 1972 2419 2421 2422 2423 2427 2441 2444 4129 4256 4264 
		4265 4266 4267 4900 4901 4908 4909 4914 4915 4916 4917 4918 4921 4922 4923 4968 4969 4970 4971 4972 4974 5193 5194 5195 5196 5197 
		5198 5199 5200 5201 5202 5203 5204 5205 5206 5207 5208 5209 5210 5211 5212 5213 5215 5216 5217 5218 5219 5220 5221 5222 5223 5224 
		5225 5226 5227 5228 5229 5230 5231 5232 5233 5234 5235 5236 5237 5249 5250 5251 5433 5434 5435 5436 5444 5446 5447 5448 5449 5454 
		5455 5456 5457 5458 5459 5460 5461 5462 5463 5464 5465 5466 5467 5468 5469 5470 5471 5472 5473 5474 5475 5476 5477 5478 5479 5480 
		5481 5482 5483 5484 5485 5486 5487 5488 5489 5490 5491 5492 5493 5494 5495 5496 5497 5498 5499 5500 5501 5502 5503 5504 5505 5506 
		5507 5508 5509 5510 5511 5512 5513 5514 5515 5516 5517 5518 5519 5520 5521 5522 5523 5524 5525 5526 5527 5528 5529 5530 5531 5532 
		5533 5534 5535 5536 5584 5586 5589 5590 5591 5592 5593 5594 5595 5599 5600 5608 5609 5610 5611 5612 5613 5614 5615 5616 5617 5618 
		5619 5620 5621 5622 5623 5624 5625 5626 5627 5628 5629 5639 5644 5645 5646 5647 
	}

}
# Crimea
crimea = {
	color = { 59 158 125 }
	location = 1322
	inland = no
	outgoing = {
		name = "kiev"
		path = {
			 280  281  282  284 
		}

		control = {
			3126.000000 1773.000000 3157.000000 1783.000000 3171.000000 1796.000000 3183.000000 1799.000000 3179.000000 1816.000000 3143.000000 
			1833.000000 
		}
	}
	outgoing = {
		name = "constantinople"
		path = {
			1320 1321 1322 
		}

		control = {
			3108.000000 1715.000000 
		}
	}
	outgoing = {
		name = "pest"
		path = {
			 153 4126 4176 4531 4706 
		}

		control = {
			3098.000000 1756.000000 3083.000000 1754.000000 3074.000000 1754.000000 3071.000000 1736.000000 3048.000000 1731.000000 3033.000000 
			1724.000000 2997.000000 1730.000000 2978.000000 1742.000000 2961.000000 1744.000000 2954.000000 1752.000000 2937.000000 1756.000000 
			2934.000000 1772.000000 
		}
	}
	members = {
		 282  283  284  285  286  287  288 1323 1943 1944 1974 2405 2406 2409 2411 2412 2413 2414 2416 2447 3061 3249 4529 4540 5312 5317 
		5320 5324 5325 5326 5327 5328 5329 5330 5334 5335 5336 5337 5338 5339 5340 5341 5342 5343 5344 5358 5359 10509 10510 10511 10512 10513 
		10514 10515 10516 10517 10518 10519 10520 10521 10522 10523 10524 10526 10527 10528 10529 10530 10531 10533 10534 10535 10536 10537 10538 10539 12940 12956 
		12957 12958 12959 12961 12965 12968 12969 12970 12971 12972 12973 12984 12985 12986 12987 12988 12989 12990 12991 12992 12993 12994 12995 12996 12997 12998 
		12999 13000 13001 13003 13004 13005 13006 13007 13008 13009 13010 13011 13012 13013 13014 13015 13016 13017 13018 13019 13020 13021 13022 13023 13024 13025 
		13029 13030 13031 
	}

}
# Zanzibar
zanzibar = {
	color = { 206 97 18 }
	location = 1448
	inland = no
	outgoing = {
		name = "cape_of_good_hope"
		path = {
			1449 1456 1457 1458 1459 1460 
		}

		control = {
			3296.000000  832.000000 3302.000000  754.000000 3250.000000  625.000000 3075.770020  453.109985 
		}
	}
	members = {
		 788 1100 1101 1102 1103 1182 1183 1186 1192 1193 1194 1195 1196 1197 1198 1199 1201 1202 1203 1204 1783 1792 1800 2471 2796 2952 
		3114 3264 4020 4021 4022 4023 4024 4025 4026 4027 4028 4029 4030 4031 4032 4049 4155 4157 10562 10587 10588 10964 11313 11314 11315 13182 
		13183 13184 13185 13186 13187 13188 13189 13190 13191 13192 13193 13194 13195 13196 13198 13199 13200 13201 13202 13213 13214 13215 13217 13218 13219 13220 
		13221 13222 13223 13224 13226 13227 13228 13229 13230 13231 13232 13233 13234 13235 13236 13237 13238 13247 13248 13249 13250 13251 13252 13253 13304 
	}

}
# Hormuz
hormuz = {
	color = { 205 45 193 }
	location = 1334
	inland = no
	outgoing = {
		name = "basra"
		path = {
			1334 1335 
		}

		control = {
			3493.000000 1421.000000 3440.000000 1444.000000 
		}
	}
	members = {
		 392  394  396  397  398  399  400  403  404 1779 2333 2336 2339 2342 2347 4275 4285 4286 4287 10873 10889 10890 10891 10892 10893 10894 
		11301 11302 11303 11304 11305 11306 11307 11308 11309 11311 11312 11413 11414 11415 11571 11572 
	}

}
# Ethiopia
ethiopia = {
	color = { 56 163 69 }
	location = 1224
	inland = yes
	outgoing = {
		name = "alexandria"
		path = {
			 358  361 1328 1329 1330 
		}

		control = {
			3221.000000 1203.000000 3177.000000 1216.000000 3159.000000 1241.000000 3147.000000 1258.000000 3171.000000 1280.000000 3155.000000 
			1316.000000 3122.000000 1292.000000 3117.000000 1335.000000 3147.000000 1373.000000 3145.000000 1408.000000 3116.000000 1450.000000 
			3123.000000 1482.000000 
		}
	}
	members = {
		 774 1207 1208 1210 1211 1213 1214 1216 1217 1218 1219 1220 1221 1222 1223 1224 1225 1226 1227 1228 1229 1799 2756 2757 2758 2759 
		2760 2761 2762 2763 2764 2766 2767 2768 2769 2770 2771 2772 2773 2779 2781 2791 2797 2798 2799 2800 2801 2802 2932 3024 3032 3075 
		3076 4033 4158 4322 9966 9967 9968 9969 9970 9973 9974 9975 9976 9977 9978 9979 9980 9981 9982 9983 9984 9985 9986 9987 9988 9989 
		9990 9991 9992 9993 9994 9995 9996 9997 9998 9999 10000 10001 10002 10003 10004 10005 10006 10007 10600 10601 10602 10919 10926 10927 10928 10929 
		10930 10931 10932 10933 10934 10935 10936 10937 10938 10939 10940 10941 10942 10943 10944 10945 10946 10947 10948 10949 10950 10951 10952 10953 10954 10955 
		10956 10957 10958 10959 10960 11255 11256 11257 11258 11259 11260 11261 11967 11972 14300 
	}

}
# Kiev
kiev = {
	color = { 35 67 234 }
	location = 280
	inland = yes
	outgoing = {
		name = "novgorod"
		path = {
			 275  278  292  310  311 
		}

		control = {
			3120.250000 1880.209961 3111.000000 1895.000000 3114.000000 1925.000000 3107.000000 1955.000000 3119.000000 1995.000000 3112.000000 
			2013.000000 
		}
	}
	outgoing = {
		name = "krakow"
		path = {
			 260  262  279 
		}

		control = {
			3082.000000 1842.000000 3040.000000 1823.000000 3007.000000 1836.000000 2978.000000 1850.000000 
		}
	}
	members = {
		4115 
	}

}
# Cape of Good Hope
cape_of_good_hope = {
	color = { 80 113 181 }
	location = 1460
	inland = no
	outgoing = {
		name = "ivory_coast"
		path = {
			1461 1462 1463 1464 1465 1466 
		}

		control = {
			2821.000000  599.000000 2753.000000  862.000000 2673.000000  992.000000 
		}
	}
	members = {
		 789  833 1098 1172 1173 1174 1175 1176 1177 1178 1179 1180 1181 1184 1458 1801 2856 2864 2880 3011 3012 3013 3014 3058 3065 3066 
		3067 3071 3220 3223 3224 3225 3226 3227 3228 4094 10540 10541 10542 10543 10544 10545 10546 10547 10548 10549 10550 10551 10552 10553 10554 10555 
		10556 10557 10558 10559 10560 10561 13061 13062 13063 13064 13065 13066 13067 13068 13076 13078 13079 13081 13082 13083 13084 13085 13086 13087 13088 13089 
		13090 13091 13092 13093 13094 13095 13096 13097 13098 13108 13109 13110 13111 13112 13113 13114 13115 13129 13167 13181 13254 13255 13256 13257 13258 13259 
		13260 13261 13262 13263 13264 13265 13266 13267 13268 13269 13270 13271 13272 13273 13274 13275 13276 13277 13278 13279 13280 13281 13282 13283 13284 13285 
		13286 13287 13288 13289 13290 13291 13292 13293 13294 13295 13296 13297 13298 13299 13300 13301 13302 13303 14395 
	}

}
# Basra
basra = {
	color = { 184 174 65 }
	location = 1335
	inland = no
	outgoing = {
		name = "aleppo"
		path = {
			 317  322  377  382  408  409 1317 1320 1848 2334 
		}

		control = {
			3374.000000 1499.000000 3340.000000 1513.000000 3330.000000 1538.000000 3296.000000 1562.000000 3279.000000 1565.000000 3256.000000 
			1587.000000 
		}
	}
	outgoing = {
		name = "persia"
		path = {
			 412  413  426  428 
		}

		control = {
			3391.000000 1502.000000 3398.000000 1513.000000 3390.000000 1533.000000 3371.000000 1552.000000 3405.000000 1564.000000 3417.000000 
			1586.000000 
		}
	}
	members = {
		 395  408 2311 2312 2340 3211 4288 10794 10795 10796 10895 
	}

}
# Alexandria
alexandria = {
	color = { 200 200 102 }
	location = 358
	inland = no
	outgoing = {
		name = "constantinople"
		path = {
			 317  318  362  363 1316 1320 1932 
		}

		control = {
			3079.000000 1550.000000 3053.000000 1575.000000 3050.000000 1602.000000 3027.000000 1634.000000 3042.000000 1653.000000 3054.000000 
			1665.000000 3063.000000 1668.000000 3070.000000 1673.000000 
		}
	}
	outgoing = {
		name = "venice"
		path = {
			 144  145 1308 1309 1310 1315 1318 1773 4175 
		}

		control = {
			3050.000000 1544.000000 2990.459961 1571.119995 2940.000000 1631.000000 2921.000000 1679.000000 2867.000000 1711.000000 
		}
	}
	outgoing = {
		name = "genua"
		path = {
			1297 1298 1302 1303 1306 1313 1314 2325 
		}

		control = {
			3041.000000 1525.000000 2870.000000 1593.000000 2821.000000 1616.000000 2794.000000 1677.000000 2785.000000 1715.000000 
		}
	}
	members = {
		 358  359  360  361  362  363  364  365  379  380  381  383  384  385  386  393 1231 1233 1234 1795 1854 1976 2315 2316 2317 2318 
		2319 2320 2321 2322 2323 2324 2325 2327 2328 2329 2330 2331 2332 2334 2335 2337 2338 3026 3244 3263 4268 4269 4272 4273 4274 4276 
		4277 4278 4316 4317 4318 4319 4320 4321 4323 9812 9813 9814 9815 9816 9817 9819 9820 9821 9822 9823 9972 10603 10604 10781 10782 10783 
		10784 10786 10787 10788 10789 10790 10791 10792 10830 10831 10832 10833 10834 10835 10836 10837 10838 10839 10840 10841 10842 10843 10844 10845 10847 10848 
		10856 10857 10858 10859 10860 10861 10862 10863 10864 10865 10866 10867 10868 10869 10870 10871 10872 10874 10875 10876 10877 10878 10879 10880 10881 10882 
		10883 14264 
	}

}
# Novgorod
novgorod = {
	color = { 97 126 37 }
	location = 33
	inland = no
	outgoing = {
		name = "baltic_sea"
		path = {
			  34   36 1926 
		}

		control = {
			3088.000000 2042.000000 2989.000000 2028.000000 
		}
	}
	outgoing = {
		name = "white_sea"
		path = {
			 309 1261 1652 
		}

		control = {
			3143.000000 2037.000000 3173.000000 2052.000000 3208.000000 2056.000000 3223.000000 2092.000000 3224.000000 2124.000000 3203.000000 
			2141.000000 3216.000000 2159.000000 
		}
	}
	members = {
		 289  290  291  292  293  294  295  296  297  298  299  300  301  302  304  306  307  308  309  312  314  467  468 1752 1753 1754 
		1755 1778 1945 1956 1957 1958 1959 1961 1971 2407 2408 2415 2749 4116 4117 4122 4147 4243 4244 4245 4246 4248 4249 4250 4251 4252 
		4253 4254 4255 4259 4260 4261 4262 4263 4542 4543 4544 4879 4881 4886 4887 4888 4889 4890 4891 4892 4893 4894 4895 4896 4897 4898 
		4899 4902 4903 4905 4906 4910 4911 4930 4931 4932 4955 4956 4957 4958 4959 4960 4961 4963 4964 4965 4966 4967 4973 4975 4976 4977 
		4978 4979 4980 4981 4982 4983 4984 4985 4986 4987 4988 4989 4990 4991 4992 4993 4994 4995 4996 4997 4998 4999 5000 5001 5002 5003 
		5004 5005 5006 5007 5008 5009 5010 5011 5012 5013 5014 5015 5016 5017 5018 5019 5020 5021 5022 5023 5024 5025 5026 5027 5028 5029 
		5030 5031 5032 5033 5034 5035 5036 5037 5038 5039 5040 5041 5042 5043 5044 5045 5046 5047 5048 5049 5050 5051 5052 5053 5054 5055 
		5056 5057 5058 5059 5060 5061 5062 5063 5064 5065 5066 5067 5068 5069 5070 5071 5072 5073 5074 5075 5076 5077 5078 5079 5080 5081 
		5082 5083 5084 5085 5086 5087 5088 5089 5090 5091 5092 5093 5094 5095 5096 5097 5098 5099 5100 5101 5102 5103 5104 5105 5106 5107 
		5108 5109 5110 5111 5112 5113 5114 5115 5116 5117 5118 5119 5120 5121 5122 5123 5136 5137 5138 5139 5140 5141 5142 5143 5144 5145 
		5146 5147 5148 5149 5150 5151 5152 5153 5154 5155 5156 5157 5158 5159 5160 5161 5162 5163 5164 5165 5166 5167 5168 5169 5170 5171 
		5172 5173 5174 5175 5176 5177 5178 5179 5180 5181 5182 5183 5184 5185 5186 5187 5188 5189 5190 5191 5192 5238 5239 5240 5241 5242 
		5243 5244 5245 5246 5252 5253 5254 5255 5256 5257 5258 5259 5273 5274 5275 5276 5277 5278 5279 5280 5313 5314 5315 5316 5318 5319 
		5321 5322 5323 5424 5425 5426 5427 5428 5429 5430 5431 5432 5437 5438 5439 5440 5441 5442 5443 5445 5450 5451 5452 5453 12893 12895 
		12896 12897 12898 12899 12900 12902 12904 12905 12906 12907 12908 12909 12966 12967 12974 12975 12976 12977 12978 12979 12980 12981 12982 12983 13026 13027 
		13028 13032 13033 
	}

}
# Ivory Coast
ivory_coast = {
	color = { 24 122 203 }
	location = 1466
	inland = no
	outgoing = {
		name = "carribean_trade"
		path = {
			1467 1468 1516 1517 1519 1520 1522 1576 1577 1579 
		}

		control = {
			2423.000000 1004.000000 2012.000000 1029.000000 1732.000000 1178.000000 1650.000000 1193.000000 1480.000000 1271.000000 
		}
	}
	outgoing = {
		name = "bordeaux"
		path = {
			1467 1468 1470 1471 1563 1566 
		}

		control = {
			2467.000000 1072.000000 2335.000000 1227.000000 2354.000000 1537.000000 2466.000000 1714.000000 
		}
	}
	outgoing = {
		name = "english_channel"
		path = {
			1467 1468 1470 1471 1563 1566 
		}

		control = {
			2464.000000 1054.000000 2315.000000 1241.000000 2365.000000 1639.000000 2485.000000 1799.000000 2635.000000 1846.000000 
		}
	}
	outgoing = {
		name = "sevilla"
		path = {
			1467 1468 1470 1471 1563 1566 
		}

		control = {
			2482.659912 1079.880005 2390.000000 1159.000000 2350.000000 1238.000000 2368.000000 1376.000000 2445.000000 1475.000000 2475.000000 
			1537.000000 
		}
	}
	members = {
		1113 2290 3006 3007 3021 3059 3118 3237 3270 3271 3272 
	}

}
# Persia
persia = {
	color = { 204 119 31 }
	location = 426
	inland = yes
	outgoing = {
		name = "aleppo"
		path = {
			 316  325  329  332  417  418  419  420 1320 
		}

		control = {
			3410.000000 1607.000000 3388.000000 1596.000000 3355.000000 1597.000000 3346.000000 1584.000000 3318.000000 1598.000000 3273.000000 
			1602.000000 3234.000000 1607.000000 
		}
	}
	members = {
		 411  412  413  414  415  416  417  419  420  421  422  423  424  425  426  427  428  429  430  431  432  433  434  435  436  437 
		 438  439  440  441  442  443  444  445  446  447  448  449  450  451  452  453  454  455  456  457  458  459  460  461  462  463 
		 465  469  470  471  472  474  475  476  477  478  479  480  575  576  577  710  711  712  714  716  739 1064 1065 1066 1068 1784 
		1785 1786 1856 1965 1966 1967 1968 1969 1970 1973 2068 2118 2119 2120 2121 2123 2124 2125 2126 2127 2192 2195 2196 2197 2198 2199 
		2200 2201 2202 2203 2204 2205 2206 2207 2208 2209 2210 2211 2212 2213 2214 2215 2216 2217 2218 2219 2220 2221 2222 2223 2224 2225 
		2226 2227 2228 2229 2230 2231 2232 2233 2234 2235 2236 2309 2349 2350 2351 2352 2353 2354 2355 2356 2357 2358 2359 2360 2361 2362 
		2363 2364 2365 2366 2367 2368 2369 2370 2420 2433 2434 2999 3243 4170 4171 4172 4177 4208 4209 4210 4289 4290 4293 4294 4299 4300 
		4301 4302 4303 4304 4305 4306 4324 4325 4326 4327 4328 4329 4330 4331 4332 4334 4335 4336 4337 4338 4339 4340 4341 4342 4343 4344 
		4345 5345 5346 5347 5348 5349 5350 5351 5352 5353 5354 5355 5356 5357 5373 5374 5375 5376 5377 5378 5379 5380 5381 5382 5383 5384 
		5385 5386 5387 5388 5389 5390 5391 5392 5393 5394 5395 5396 5397 5398 5399 5400 5401 5402 5403 5404 5405 5406 5407 5408 5409 5410 
		5411 5412 5413 5414 5415 5416 5417 5418 5419 5420 5421 5422 5423 5537 5538 5539 5540 5541 5542 5543 5544 5545 5546 5547 5548 5549 
		5550 5551 5552 5553 5554 5555 5556 5557 5558 5559 5560 5561 5562 5563 5564 5565 5566 5567 5568 5569 5570 5571 5572 5573 5574 5575 
		5576 5577 5578 5579 5580 5581 5668 5669 5670 5671 5672 5673 5674 5675 5676 5677 5678 5679 5680 5681 5682 5683 5684 5685 5686 5687 
		5688 5689 5690 5691 5692 5693 5694 5695 5696 5697 5698 5699 5700 5701 5702 5703 5704 5705 5706 5707 5708 5709 5710 5711 5712 5713 
		5714 5715 5716 5717 5718 5719 5720 5721 5722 5723 5724 5725 5726 5727 5728 5729 5730 5731 5732 5733 5734 5735 5736 5737 5738 5739 
		5740 5741 5742 5743 5744 5745 5746 5747 5748 5749 5750 5751 5752 5753 5754 5755 5756 5757 5784 5785 5786 5787 5788 5789 5790 5791 
		5792 5793 5794 5795 5796 5797 5798 5799 6380 8458 8459 8460 8461 8462 8463 8464 8465 8466 8467 8468 8469 8470 8471 8472 8473 8474 
		8475 8476 8477 8478 8479 8480 8481 8482 8483 8484 8485 8486 8487 8488 8489 8490 8491 8492 8493 8494 8495 8496 8497 8498 8499 8500 
		8501 8502 8503 8504 8505 8506 8507 8508 8509 8510 8511 8512 8513 8514 8515 8516 8517 8518 8519 8520 8521 8522 8523 8524 8525 8526 
		8527 8528 8529 8530 8531 8532 8533 8534 8535 8536 8537 8538 8539 8540 8541 8542 8543 8544 8545 8546 8547 8548 8549 8550 8551 8552 
		8553 8554 9243 9244 9245 9702 9703 9704 9705 9706 9824 9825 9826 9827 9828 9829 9830 9831 9832 9833 10028 10029 10030 10031 11011 11012 
		11013 11014 11015 11016 11017 11018 11019 11020 11021 11022 11023 11024 11025 11026 11027 11028 11029 11030 11031 11032 11033 11034 11035 11036 11037 11038 
		11039 11040 11041 11042 11043 11044 11045 11046 11047 11048 11049 11050 11051 11052 11053 11054 11055 11056 11057 11058 11059 11060 11061 11062 11063 11064 
		11065 11066 11067 11068 11069 11070 11071 11072 11073 11074 11075 11076 11077 11078 11079 11080 11081 11082 11083 11084 11085 11086 11087 11088 11089 11090 
		11091 11092 11093 11094 11095 11096 11097 11098 11099 11100 11101 11102 11103 11104 11105 11106 11107 11108 11109 11110 11111 11112 11113 11114 11115 11116 
		11117 11118 11119 11120 11121 11122 11123 11124 11125 11126 11127 11128 11129 11130 11131 11132 11133 11134 11135 11136 11137 11138 11139 11140 11141 11142 
		11143 11144 11145 11146 11147 11148 11149 11150 11151 11152 11153 11154 11155 11156 11157 11158 11159 11160 11161 11162 11163 11164 11165 11166 11167 11168 
		11169 11170 11171 11172 11173 11174 11175 11176 11177 11178 11179 11180 11181 11182 11183 11184 11185 11186 11187 11188 11189 11190 11191 11192 11193 11194 
		11195 11196 11197 11198 11199 11200 11201 11202 11203 11204 11205 11206 11207 11208 11209 11210 11211 11212 11213 11214 11215 11216 11217 11218 11219 11220 
		11221 11222 11223 11426 11427 11428 11429 11430 11431 11432 11433 11434 11435 11436 11437 11438 11439 11440 11441 11442 11443 11444 11445 11446 11447 11448 
		11449 11450 11451 11452 11453 11454 11455 11456 11457 11458 11459 11460 11461 11462 11463 11464 11465 11466 11467 11468 11469 11470 11471 11472 11473 11474 
		11475 11476 11477 11478 11479 11480 11481 11482 11483 11484 11485 11486 11487 11488 11489 11490 11491 11492 11493 11494 11495 11496 11497 11498 11499 11500 
		11501 11502 11503 11504 11505 11506 11507 11508 11509 11510 11511 11512 11513 11514 11515 11516 11517 11518 11519 11520 11521 11522 11523 11524 11525 11526 
		11527 11528 11529 11530 11531 11532 11533 11534 11535 11536 11537 11538 11539 11540 11541 11542 11543 11544 11545 11546 11547 11548 11549 11550 11551 11552 
		11553 11554 11555 11556 11557 11558 11559 11560 11561 11562 11563 11564 11565 11566 11567 11568 11569 11570 11887 11888 11890 
	}

}
# White Sea
white_sea = {
	color = { 210 46 28 }
	location = 1652
	inland = no
	outgoing = {
		name = "north_sea"
		path = {
			1263 1264 1265 1266 1929 1975 
		}

		control = {
			3288.000000 2211.000000 3122.000000 2288.000000 2937.000000 2284.000000 2811.000000 2205.000000 2686.000000 2081.000000 
		}
	}
	members = {
		 313  315 1072 1073 1652 1776 1777 1780 1884 1955 2425 2426 2445 4124 4151 4152 4156 4257 4258 4864 4865 4866 4867 4868 4869 4870 
		4872 4875 4876 4882 4883 4904 4907 4912 4913 4919 4920 4924 4925 4926 4927 4928 4929 5642 5643 5650 8440 8441 8442 8443 8444 8445 
		8446 8447 8448 9209 9212 9213 9214 9215 9216 9964 9965 14291 14342 
	}

}
# Caribbean
carribean_trade = {
	color = { 236 221 78 }
	location = 1516
	inland = no
	outgoing = {
		name = "chesapeake_bay"
		path = {
			1500 1501 1502 1503 1524 
		}

		control = {
			1494.000000 1332.000000 1529.000000 1353.000000 1467.000000 1497.000000 
		}
	}
	outgoing = {
		name = "bordeaux"
		path = {
			 488  490 1526 1563 1567 1575 1580 1583 
		}

		control = {
			1507.000000 1329.000000 1673.000000 1348.000000 2189.000000 1612.000000 2468.000000 1738.000000 
		}
	}
	outgoing = {
		name = "sevilla"
		path = {
			 488  490 1526 1563 1567 1575 1580 1583 
		}

		control = {
			1477.000000 1283.000000 1558.000000 1280.000000 1602.000000 1311.000000 1848.000000 1360.000000 2341.000000 1502.000000 2457.000000 
			1560.000000 
		}
	}
	members = {
		 482  483  484  485  486  487  488  489  490  492  493  494  495  496  497  498  499  500  501  502  741  831  926 1515 1658 1881 
		2533 2535 2536 2654 2655 2656 2658 2659 2803 2804 2805 2810 2939 3057 3254 3255 4612 4615 4616 4618 4619 4620 4621 4622 4623 4624 
		4625 4626 6747 6836 6837 6838 6839 6840 6841 6842 6843 6844 6845 6848 6851 6852 6853 6859 6860 6861 6862 6863 6864 6865 6866 6867 
		6868 6869 6870 6871 6872 6873 6874 6875 6876 6877 6878 6879 8284 8285 8290 8322 8323 8324 8325 8326 8327 8329 8330 8331 8332 8333 
		8334 8335 8336 8337 8338 8339 8340 8341 8342 8343 8344 8345 8346 8348 8349 8350 8357 8358 8360 8361 9083 9092 10698 10699 10700 10701 
		10702 10703 10704 10705 10736 10737 10738 10739 10740 10741 10742 10743 10744 10745 10746 10748 10749 10750 10751 10752 10753 10754 10755 10756 10758 10759 
		10760 10761 10762 10764 10765 10766 10767 10768 10769 10770 10771 10772 10773 10774 10797 10798 10799 10800 10801 10802 10803 10804 10805 10806 10807 10808 
		10809 10810 10811 10812 10813 10814 10815 10816 10817 10818 10819 10820 10821 10822 10823 10824 10825 10826 10827 10828 10829 10898 10899 10900 10901 10902 
		10903 10904 10905 10906 10907 10908 10909 10910 10911 10912 10914 10915 10917 10918 10997 10998 10999 11000 11001 11002 11004 11005 11006 11007 11008 11009 
		11010 
	}

}
# Aleppo
aleppo = {
	color = { 60 120 180 }
	location = 377
	inland = no
	outgoing = {
		name = "constantinople"
		path = {
			 317  322  377  382  408  409 1317 1320 1848 2334 
		}

		control = {
			3201.000000 1592.000000 3203.000000 1602.000000 3191.000000 1611.000000 3190.000000 1626.000000 3169.000000 1638.000000 3142.000000 
			1656.000000 3112.000000 1658.000000 3102.000000 1669.000000 
		}
	}
	members = {
		 377  378  382  405  406  407  409  410  418 1849 1855 2306 2307 2308 2310 2314 3070 4270 4271 4291 4292 4295 4296 4297 9237 9246 
		9247 9248 9249 10032 10033 10034 10035 10036 10037 10775 10776 10777 10778 10779 10780 10793 14399 14459 14460 14461 14462 
	}

}
# Chesapeake Bay
chesapeake_bay = {
	color = { 193 26 14 }
	location = 1500
	inland = no
	outgoing = {
		name = "st_lawrence"
		path = {
			 963  965  969  986 1490 4705 
		}

		control = {
			1578.000000 1693.000000 1713.000000 1766.000000 1648.000000 1817.000000 
		}
	}
	outgoing = {
		name = "english_channel"
		path = {
			1563 1564 1568 1570 1572 1582 
		}

		control = {
			1684.000000 1631.000000 2204.000000 1780.000000 2544.000000 1833.000000 2637.000000 1852.000000 
		}
	}
	members = {
		 481  924  925  927  928  929  930  931  932  933  934  935  936  937  938  949  950  951  952  953  954  955  956  957  958  959 
		 960  961  962  963  964  965  966  967  968  969  970  987  993 1903 1904 2010 2011 2012 2023 2527 2531 2534 2537 2538 2539 2540 
		2541 2542 2543 2544 2545 2546 2547 2548 2549 2550 2551 2552 2553 2554 2555 2556 2557 2558 2559 2560 2561 2562 2563 2564 2639 4763 
		4764 4871 4873 4874 4877 4878 4880 5970 5975 5976 5977 5978 5979 5980 5981 5982 5983 5984 5985 5986 5987 5988 5989 5990 5991 5992 
		5993 5994 5995 5996 5997 5998 5999 6000 6001 6002 6003 6004 6005 6006 6007 6008 6009 6010 6011 6012 6013 6014 6015 6016 6017 6018 
		6019 6020 6021 6022 6023 6024 6025 6026 6027 6028 6029 6030 6031 6032 6033 6034 6035 6036 6037 6038 6039 6040 6041 6042 6043 6044 
		6045 6046 6047 6048 6049 6050 6051 6052 6053 6054 6055 6056 6057 6058 6059 6060 6061 6062 6063 6064 6065 6066 6067 6068 6069 6070 
		6071 6072 6073 6074 6075 6076 6077 6078 6079 6080 6081 6082 6083 6084 6085 6086 6087 6088 6089 6090 6091 6092 6093 6094 6095 6096 
		6097 6098 6099 6100 6101 6102 6103 6104 6105 6106 6107 6108 6109 6110 6111 6112 6113 6114 6115 6116 6117 6118 6119 6120 6121 6122 
		6123 6124 6125 6126 6127 6128 6129 6130 6131 6132 6133 6134 6135 6136 6137 6138 6139 6140 6141 6142 6143 6144 6145 6146 6147 6148 
		6149 6150 6151 6152 6153 6154 6155 6156 6157 6158 6159 6160 6161 6162 6163 6164 6165 6166 6167 6168 6169 6170 6171 6172 6173 6174 
		6175 6176 6177 6178 6179 6180 6181 6182 6183 6184 6185 6186 6187 6188 6189 6190 6191 6192 6193 6194 6195 6196 6197 6198 6199 6200 
		6201 6202 6203 6204 6205 6206 6207 6208 6209 6284 6285 6287 6288 6291 6292 6293 6294 6295 6296 6309 6310 6311 6312 6313 6314 6315 
		6535 6536 6537 6538 6539 6540 6541 6542 6543 6544 6545 6546 6547 6548 6549 6550 6551 6552 6553 6554 6555 6556 6557 6558 6559 6560 
		6561 6562 6563 6564 6565 6566 6567 6568 6569 6570 6571 6572 6573 6574 6575 6576 6577 6578 6579 6580 6581 6582 6583 6584 6585 6586 
		6587 6588 6589 6590 6591 6592 6593 6594 6595 6596 6597 6598 6599 6600 6601 6602 6603 6604 6605 6606 6607 6608 6609 6610 6611 6612 
		6613 6614 6615 6616 6617 6618 6619 6620 6621 6622 6623 6624 6625 6626 6627 6628 6629 6630 6631 6632 6633 6634 6635 6636 6637 6638 
		6652 6653 6656 6658 6659 6660 6661 6662 6663 6664 6665 6666 6667 6668 6669 6672 6673 6674 6675 6676 6677 6678 6679 6680 6681 6682 
		6683 6684 6685 6686 6687 6688 6689 6690 6691 6692 6693 6694 6695 6696 6697 6698 6699 6700 6701 6702 6703 6704 6705 6706 6707 6708 
		6709 6710 6711 6712 6713 6714 6715 6716 6717 6718 6719 6720 6721 6722 6723 6724 6725 6726 6727 6728 6729 6730 6731 6732 6733 6734 
		6735 6736 6737 6738 6739 6740 6741 6742 6743 6744 6745 6746 6748 6749 6750 6751 6752 6753 6754 6755 6756 6757 6758 6759 6760 6761 
		6762 6763 6764 6765 6766 6767 6768 6769 6770 6771 6772 6773 6774 6775 6776 6777 6778 6779 6780 6781 6782 6783 6784 6785 6787 6788 
		6789 6796 6797 6798 6799 6800 6801 6811 6812 6814 6815 6816 6818 6820 6821 6822 6823 6824 6825 6826 6827 6828 6829 6830 6831 6832 
		6833 6834 6846 6847 6849 6850 6854 6855 6856 6857 6858 14386 
	}

}
# Sevilla
sevilla = {
	color = { 57 160 101 }
	location = 1293
	inland = no
	outgoing = {
		name = "valencia"
		path = {
			 221  222  223 1295 
		}

		control = {
			2562.000000 1591.000000 2620.000000 1602.000000 
		}
	}
	members = {
		 206  207  208  215  216  217  218  219  221  222  223  224  225  226  227  228  229  230  231  232  334  366  367  368 1745 1746 
		1747 1748 1749 1751 1851 2751 2754 2755 4150 4546 4547 4548 4551 4552 4553 4554 4555 4556 4558 4561 4563 4565 4856 4857 10684 10685 
		10686 10687 10688 10689 10690 10691 10692 10693 10694 14265 14266 14267 14268 
	}

}
# Constantinople
constantinople = {
	color = { 126 203 120 }
	location = 1320
	inland = no
	outgoing = {
		name = "ragusa"
		path = {
			 137  138  149 1765 1766 
		}

		control = {
			3080.000000 1681.000000 3039.000000 1696.000000 3016.000000 1698.000000 2995.000000 1710.000000 2972.000000 1721.000000 2952.000000 
			1725.000000 2935.000000 1705.000000 
		}
	}
	members = {
		 149  150  151  159  160  316  317  318  319  321  322  323  324  325  326  327  328  329  330  331  332 1319 1320 1756 1764 1765 
		1846 1848 1891 2296 2297 2298 2299 2300 2301 2302 2303 2304 2305 2313 2410 2746 2750 3250 4298 4307 4308 4309 4310 4311 4312 4313 
		4314 4315 4531 9217 9218 9219 9220 9221 9222 9223 9224 9225 9226 9227 9228 9229 9230 9231 9232 9233 9234 9235 9236 9238 9239 9240 
		9241 9242 10369 10370 10375 10420 10421 10440 10441 10442 10443 10444 10445 10446 10447 10448 10449 10450 10451 10452 10453 10454 10455 10456 10457 10458 
		10461 10462 10463 10464 10467 10468 10504 10505 10506 10507 10508 10525 13002 14407 14408 14416 14418 14424 14434 14435 14436 14437 14438 14439 14440 14441 
		14443 14444 
	}

}
# Gulf of St. Lawrence
st_lawrence = {
	color = { 193 192 14 }
	location = 1490
	inland = no
	outgoing = {
		name = "north_sea"
		path = {
			1282 1476 1478 1493 1496 1497 1498 1975 
		}

		control = {
			1676.000000 1820.000000 1777.000000 1882.000000 1961.000000 1923.000000 2369.689941 2001.680054 2583.000000 2035.000000 
		}
	}
	outgoing = {
		name = "bordeaux"
		path = {
			1479 1491 1494 1495 1563 1564 1565 
		}

		control = {
			1675.000000 1807.000000 1791.000000 1769.000000 2134.000000 1742.000000 2483.000000 1764.000000 
		}
	}
	members = {
		 971  980  981  982  983  984  985  986  988  989  990  991  992  994  995  996  997  998  999 1000 1001 1002 1003 1004 1005 1006 
		1007 1008 1009 1010 1011 1104 1105 1484 1486 1490 1493 1659 1661 1665 1804 1805 1806 1807 1811 1812 1813 1905 1907 1908 1914 1915 
		1917 1923 2005 2013 2015 2017 2018 2565 2566 2567 2568 2569 2570 2571 2572 2573 2574 2575 2576 2577 2578 2579 2580 2581 2582 2583 
		2584 2585 2586 2587 2588 2589 2590 2591 2592 2593 2594 2595 2596 2597 2598 2599 2600 2670 2671 4146 4178 4179 4672 4673 4674 4675 
		4677 4678 4679 4681 4683 4684 4685 4686 4687 4688 4689 4690 4691 4692 4693 4694 4695 4696 4700 4701 4702 4703 4704 4705 4706 4707 
		4708 4709 4710 4711 4712 4713 4714 4715 4716 4717 4718 4719 4720 4721 4722 4723 4724 4725 4726 4727 4728 4729 4730 4731 4732 4733 
		4734 4735 4736 4737 4738 4739 4740 4741 4742 4743 4744 4745 4746 4747 4748 4752 4753 4754 4755 4756 4757 4758 4759 4760 4761 4762 
		4765 4766 4767 4768 4769 4770 4771 4772 4773 4774 4775 4776 4777 4778 4779 4780 4781 4782 4783 4784 4785 4786 4787 4788 4789 4790 
		4791 4792 4793 4794 4795 4796 4797 4798 4799 4800 4801 4802 4803 4804 4805 4806 4807 4808 4809 5967 5968 5969 5971 5972 5973 5974 
		9549 9550 14306 14310 14311 14355 14385 
	}

}
# Valencia
valencia = {
	color = { 87 70 168 }
	location = 1295
	inland = no
	outgoing = {
		name = "genua"
		path = {
			 213 1296 1297 
		}

		control = {
			2688.000000 1670.000000 2721.000000 1691.000000 2751.000000 1704.000000 
		}
	}
	members = {
		 196  197  200  211  212  213  214  220  333 1750 2753 2987 2988 2990 4549 4550 4557 4559 4560 10672 10673 10674 10675 10697 11694 
	}

}
# Ragusa
ragusa = {
	color = { 169 37 167 }
	location = 137
	inland = no
	outgoing = {
		name = "pest"
		path = {
			 137  153 3002 3147 4173 4239 
		}

		control = {
			2925.000000 1723.000000 2916.000000 1735.000000 2920.000000 1748.000000 2928.000000 1764.000000 2930.000000 1777.000000 
		}
	}
	outgoing = {
		name = "venice"
		path = {
			 136 1308 
		}

		control = {
			2882.000000 1708.000000 
		}
	}
	outgoing = {
		name = "genua"
		path = {
			1297 1298 1303 1304 1307 1310 1311 
		}

		control = {
			2924.000000 1686.000000 2935.000000 1653.000000 2898.000000 1616.000000 2880.000000 1620.000000 2879.000000 1647.000000 2818.000000 
			1692.000000 2786.000000 1724.000000 
		}
	}
	members = {
		 136  137  138  139  140  141  142  143  144  145  146  147  148  163  164  320 1766 1767 1773 1826 1827 1828 1831 1853 1954 2348 
		3000 3001 3002 3003 4174 4175 4176 4239 10321 10322 10323 10327 10328 10329 10330 10331 10332 10333 10334 10335 10336 10337 10338 10339 10340 10341 
		10342 10343 10345 10346 10347 10348 10349 10350 10351 10352 10353 10354 10355 10356 10357 10360 10362 10363 10364 10365 10366 10367 10368 10371 10372 10373 
		10374 10376 10377 10378 10379 10380 10381 10382 10383 10384 10385 10386 10387 10388 10389 10390 10391 10392 10393 10394 10395 10396 10397 10398 10399 10400 
		10401 10402 10403 10404 10405 10406 10407 10408 10409 10410 10411 10412 10413 10414 10415 10416 10417 10418 10419 10422 10423 10424 10425 10426 10427 10428 
		10429 10430 10431 10432 10433 10434 10435 10436 10437 10438 10439 14322 14323 14324 14400 14401 14402 14403 14404 14405 14406 14409 14410 14411 14412 14413 
		14414 14415 14417 14419 14423 14425 14426 14427 14433 14442 
	}

}
# North Sea
north_sea = {
	color = { 117 165 188 }
	location = 1975
	inland = no
	outgoing = {
		name = "english_channel"
		path = {
			 236 1270 
		}

		control = {
			2671.000000 1913.000000 
		}
	}
	outgoing = {
		name = "lubeck"
		path = {
			  45 1258 1259 1266 1267 1925 
		}

		control = {
			2757.000000 1986.000000 2806.000000 1998.000000 2813.000000 1971.000000 2805.000000 1954.000000 2809.000000 1942.000000 2804.000000 
			1931.000000 
		}
	}
	members = {
		  20   21   23   24  246  248  249  250  251  252  253  369  370  371  372  373  374  375  376 1266 1280 1281 1282 1679 1929 1978 
		1979 2752 3046 4110 4118 4119 4120 4121 4153 4361 4362 4363 4364 4365 4377 4378 4379 4380 4858 4859 4860 4861 4862 4863 9120 9121 
		9135 9140 9145 9146 9147 9148 9149 9150 9151 9152 9153 9154 9155 9156 9157 9158 9159 9160 9161 9162 9163 9164 9165 9166 9167 9168 
		9169 9170 9171 9172 9173 9174 9175 9176 9177 9178 9179 9180 9181 9182 9183 9184 9185 9186 9187 9188 9189 9190 9191 9192 9193 9194 
		9195 9196 9197 9198 9199 9200 9201 9202 9203 9204 9205 9206 9207 9208 9210 9211 9551 9552 12289 12290 12291 12292 12293 12294 12295 12296 
		12297 12310 12312 12313 12314 12315 12316 12317 12318 12319 12320 12321 12322 12323 12324 12325 12326 12327 12328 12329 12330 12331 12332 12333 12334 14333 
	}

}
# Bordeaux
bordeaux = {
	color = { 36 132 247 }
	location = 1276
	inland = no
	outgoing = {
		name = "champagne"
		path = {
			 172  178  184  185 1275 
		}

		control = {
			2630.000000 1782.000000 2664.000000 1799.000000 2674.000000 1816.000000 
		}
	}
	members = {
		 169  170  171  172  173  174  175  176  194  198  209  210 2989 4111 4112 4384 4386 4387 10666 10669 10670 10671 10695 10696 
	}

}
# Pest
pest = {
	color = { 172 95 81 }
	location = 153
	inland = yes
	outgoing = {
		name = "wien"
		path = {
			 134  153 1772 4240 
		}

		control = {
			2932.000000 1797.000000 2914.000000 1798.000000 2904.000000 1805.000000 2894.000000 1806.000000 
		}
	}
	outgoing = {
		name = "krakow"
		path = {
			 153  262 1318 2960 
		}

		control = {
			2938.000000 1805.000000 2952.000000 1819.000000 2959.000000 1832.000000 2949.000000 1843.000000 
		}
	}
	members = {
		 134  135  152  153  154  155  156  157  158  161  162  261  265  268 1318 1325 1772 1864 1951 1952 1953 2960 2998 3147 4125 4126 
		4127 4128 4173 4236 4240 4530 4532 10318 10326 10358 10359 10361 10459 10460 10465 10466 10469 10470 10471 10472 10473 10474 10475 10476 10477 10478 
		10479 10480 10481 10482 10483 10484 10485 10486 10487 10488 10489 10490 10491 10492 10493 10494 10495 10496 10497 10498 10499 11279 11280 11281 11282 11283 
		11286 11287 11288 11289 11290 11291 11292 11296 12566 12568 12605 12606 12935 12936 12937 12938 12939 12941 12942 12943 12944 12945 12946 12947 14325 
	}

}
# Krakow
krakow = {
	color = { 43 34 56 }
	location = 262
	inland = yes
	outgoing = {
		name = "wien"
		path = {
			 134  154 1772 
		}

		control = {
			2922.000000 1844.000000 2914.000000 1830.000000 2896.000000 1819.000000 
		}
	}
	outgoing = {
		name = "saxony"
		path = {
			 263  264 1763 
		}

		control = {
			2921.000000 1853.000000 2895.000000 1868.000000 2869.000000 1866.000000 
		}
	}
	outgoing = {
		name = "baltic_sea"
		path = {
			  43  255  258 1859 1926 1927 
		}

		control = {
			2966.000000 1877.000000 2944.000000 1888.000000 2918.000000 1900.000000 2926.000000 1913.000000 2934.000000 1933.000000 2954.000000 
			1969.000000 
		}
	}
	members = {
		  41   42   43  254  255  256  257  258  259  260  262  263  264  269  277  278  279  280  281  767 1841 1859 1937 1938 1939 1940 
		1942 2424 2958 2959 2961 2962 2963 2997 4247 4523 4524 4525 4526 4527 4528 4533 4538 4539 4541 5124 5125 5126 5127 5128 5129 5130 
		5131 5132 12525 12526 12528 12531 12540 12546 12547 12548 12550 12551 12552 12553 12554 12555 12556 12557 12558 12559 12560 12561 12562 12563 12564 12565 
		12567 12569 12570 12571 12572 12573 12574 12575 12576 12577 12578 12579 12580 12581 12582 12583 12584 12585 12586 12587 12588 12589 12590 12591 12592 12593 
		12596 12597 12598 12599 12600 12601 12602 12603 12604 12607 12608 12609 12610 12611 12612 12613 12614 12615 12616 12617 12618 12619 12620 12621 12622 12623 
		12624 12625 12626 12627 12628 12629 12630 12631 12632 12633 12634 12635 12636 12637 12638 12639 12640 12641 12642 12643 12644 12645 12646 12647 12648 12649 
		12650 12651 12652 12653 12654 12655 12656 12657 12879 12880 12881 12882 12884 12885 12886 12887 12888 12891 12892 12929 12930 12931 12932 12933 12934 12948 
		12949 12950 12951 12952 12953 12954 12955 12960 12962 12963 12964 
	}

}
# Wien
wien = {
	color = { 220 220 220 }
	location = 134
	inland = yes
	outgoing = {
		name = "venice"
		path = {
			 128  132 1308 1769 
		}

		control = {
			2864.000000 1792.000000 2856.000000 1770.000000 2839.000000 1764.000000 
		}
	}
	outgoing = {
		name = "rheinland"
		path = {
			  66   67   79  133 1757 1876 2957 
		}

		control = {
			2864.000000 1806.000000 2828.000000 1821.000000 2804.000000 1819.000000 2775.000000 1838.000000 
		}
	}
	outgoing = {
		name = "saxony"
		path = {
			  59   61  266  267 1770 1771 
		}

		control = {
			2870.000000 1826.000000 2867.000000 1842.000000 2856.000000 1852.000000 2856.000000 1858.000000 
		}
	}
	members = {
		
	}

}
# Baltic Sea
baltic_sea = {
	color = { 8 82 165 }
	location = 1926
	inland = no
	outgoing = {
		name = "lubeck"
		path = {
			  45 1255 1257 1925 
		}

		control = {
			2932.000000 1971.000000 2879.000000 1934.000000 2843.000000 1935.000000 
		}
	}
	members = {
		   1    2    3    4    9   10   11   18   19   25   27   28   29   30   31   32   33   34   35   36   37   38   39   40  270  271 
		 272  273  274  275  276  310  311  770  771 1260 1834 1842 1883 1886 1930 1935 1936 1941 1960 1985 3100 4113 4114 4123 4148 4241 
		4242 4534 4535 4536 4537 4545 4884 4885 4933 4934 4935 4936 4937 4938 4939 4940 4941 4942 4943 4944 4945 4946 4947 4948 4949 4950 
		4951 4952 4953 4954 4962 5133 5134 5135 8436 8437 8438 8439 8449 8450 8451 8452 8453 8454 8455 8456 8457 9613 9614 9615 9616 9617 
		9620 9621 9622 9624 9627 9638 9639 9646 9647 9648 9649 9650 9651 9652 9653 9654 9655 9656 9657 9658 9659 9660 9661 9662 9663 9664 
		9665 9666 9667 9668 9671 9672 9673 9674 9675 9676 9677 9678 9679 9680 9681 9682 9683 9684 9685 9686 9687 9688 9689 9690 9691 9692 
		9693 9694 9695 9696 9697 9698 9699 9700 9701 12658 12659 12660 12661 12662 12663 12664 12665 12666 12667 12668 12669 12670 12671 12672 12673 12674 
		12675 12676 12677 12678 12679 12680 12681 12682 12683 12684 12685 12686 12687 12688 12689 12690 12691 12692 12693 12694 12695 12696 12697 12698 12699 12700 
		12701 12702 12703 12704 12705 12883 12889 12890 12894 12901 12903 12910 12911 12912 12913 12914 12915 12916 12917 12918 12919 12920 12921 12922 12923 12924 
		12925 12926 12927 12928 14292 
	}

}
# Venice
venice = {
	color = { 54 167 156 }
	location = 1308
	inland = no
	members = {
		 107  108  109  110  111  112  113  114  119  122  123  128  129  130  131  132 1308 1768 1769 1774 1863 1933 1934 2976 2977 2978 
		2984 2985 3141 10309 10310 10311 10312 10313 10314 10315 10316 10317 10319 10320 10324 10325 11269 11293 11294 11297 11298 11299 11300 12335 12336 12337 
		12338 12339 12340 12341 12350 12351 12352 12353 12354 12355 12357 12358 12359 12378 12379 12380 12381 
	}

}
# Saxony
saxony = {
	color = { 228 46 218 }
	location = 59
	inland = yes
	outgoing = {
		name = "rheinland"
		path = {
			  62   63   79   81 1876 
		}

		control = {
			2813.000000 1860.000000 2788.000000 1859.000000 
		}
	}
	outgoing = {
		name = "lubeck"
		path = {
			  45   51   58 2964 2996 
		}

		control = {
			2817.000000 1882.000000 2825.000000 1896.000000 2808.000000 1906.000000 
		}
	}
	members = {
		  49   50   51   52   53   54   57   58   59   60   61   62   63  266 1258 1758 1759 1763 1771 2964 2965 2966 2967 2969 2970 2971 
		2993 4237 4238 10500 10501 10502 12401 12402 12403 12404 12405 12406 12407 12408 12409 12410 12411 12412 12413 12414 12415 12416 12417 12418 12419 12420 
		12421 12422 12423 12424 12426 12448 12449 12450 12455 12456 12522 12523 12532 12533 12534 12535 12536 12537 12538 12539 12541 12542 12543 12544 12545 12549 
		14331 
	}

}
# Rheinland
rheinland = {
	color = { 114 171 184 }
	location = 1876
	inland = yes
	outgoing = {
		name = "champagne"
		path = {
			  80   83  186  187  188 1760 
		}

		control = {
			2750.000000 1843.000000 2726.000000 1825.000000 
		}
	}
	outgoing = {
		name = "lubeck"
		path = {
			  45   53   57 1762 1857 
		}

		control = {
			2776.000000 1874.000000 2796.000000 1892.000000 
		}
	}
	members = {
		  55   56   64   65   66   67   68   69   70   71   72   73   74   75   76   77   78   79   80   81   82   83   84   85   86  133 
		 166  267 1757 1760 1761 1762 1770 1868 1869 1870 1872 1873 1876 1878 1880 1890 2955 2956 2957 2968 2972 2973 2975 4159 4160 10014 
		10021 10503 11263 11265 11266 11267 11268 11270 11271 11272 11273 11274 11275 11276 11277 11278 11284 11285 11295 11330 11332 11333 11334 11335 11336 11337 
		11338 11339 11340 11341 12343 12345 12346 12425 12427 12428 12429 12430 12431 12432 12433 12434 12435 12436 12437 12438 12439 12440 12441 12442 12443 12444 
		12445 12446 12447 12451 12452 12453 12454 12457 12458 12459 12460 12461 12462 12463 12464 12465 12466 12467 12468 12469 12470 12471 12472 12473 12474 12475 
		12476 12477 12478 12479 12480 12481 12482 12483 12484 12485 12486 12487 12488 12489 12490 12491 12492 12493 12494 12495 12496 12497 12498 12499 12500 12501 
		12502 12503 12504 12505 12506 12507 12508 12509 12510 12511 12512 12513 12514 12515 12516 12517 12518 14328 
	}

}
# Champagne
champagne = {
	color = { 193 26 14 }
	location = 186
	inland = yes
	outgoing = {
		name = "genua"
		path = {
			 187  193  201  203  204 1297 
		}

		control = {
			2720.000000 1796.000000 2711.000000 1782.000000 2710.000000 1757.000000 2708.000000 1731.000000 2703.000000 1714.000000 2736.000000 
			1708.000000 
		}
	}
	outgoing = {
		name = "english_channel"
		path = {
			  92  181 1269 1744 1866 
		}

		control = {
			2704.000000 1845.000000 2705.000000 1864.000000 2686.000000 1869.000000 
		}
	}
	members = {
		  91   93   94  165  177  178  179  180  181  182  183  184  185  186  187  188  189  190  191  192  193  195  199  203  204  205 
		1743 1866 1867 1871 1877 1879 3004 4161 4162 4388 4389 4390 4391 4392 10027 10655 10656 10657 10658 10659 10660 10661 10662 10663 10664 10665 
		10667 10668 10676 10677 10678 10679 10680 10681 10682 11325 11326 11327 11328 11329 11331 11695 11696 11697 11698 12391 12392 12519 
	}

}
# Lübeck
lubeck = {
	color = { 190 70 70 }
	location = 45
	inland = no
	outgoing = {
		name = "english_channel"
		path = {
			  44 1268 1269 1744 1857 
		}

		control = {
			2790.000000 1913.000000 2753.000000 1922.000000 2711.000000 1910.000000 
		}
	}
	members = {
		   5    6    7    8   12   13   14   15   16   17   22   26   44   45   46   47   48 1775 1857 1858 1874 1981 1982 1983 1984 2994 
		2995 2996 3008 4141 4142 4143 4144 4145 4149 4163 4164 4165 4166 9108 9110 9111 9112 9113 9114 9115 9116 9117 9118 9119 9122 9123 
		9124 9125 9126 9127 9128 9129 9130 9131 9132 9133 9134 9136 9137 9138 9139 9141 9142 9143 9144 9553 9554 9555 9556 9557 9558 9559 
		9560 9561 9562 9563 9564 9565 9566 9567 9568 9569 9570 9571 9572 9573 9574 9575 9576 9577 9578 9579 9580 9581 9582 9583 9584 9585 
		9586 9587 9588 9589 9590 9591 9592 9593 9594 9595 9596 9597 9598 9599 9600 9601 9602 9603 9604 9605 9606 9607 9608 9609 9610 9611 
		9612 9618 9619 9623 9625 9626 9628 9629 9630 9631 9632 9633 9634 9635 9636 9637 9640 9641 9642 9643 9644 9645 9669 9670 11342 11343 
		11344 11345 11346 11347 11348 11349 11350 11351 11352 11353 11354 11355 11356 11357 11358 11359 11360 11361 11362 11363 11364 11365 11366 11367 11368 11369 
		11370 11371 11372 11373 11374 11376 12393 12394 12395 12396 12397 12398 12399 12400 12520 12521 12524 12527 12529 12530 12594 12595 
	}

}
# Genoa
genua = {
	color = { 218 215 56 }
	location = 1298
	inland = no
	members = {
		 101  102  103  104  105  106  115  116  117  118  120  121  124  125  126  127  201  202 1247 1297 1298 1862 1875 2979 2980 2981 
		2982 2983 2986 2991 2992 10683 12342 12344 12347 12348 12349 12356 12360 12361 12362 12363 12364 12365 12366 12367 12368 12369 12370 12371 12372 12373 
		12374 12375 12376 12377 12382 12383 12384 12385 12386 12387 12388 12389 12390 14326 14431 14432 14445 14446 14447 14448 
	}

}
# English Channel
english_channel = {
	color = { 220 138 57 }
	location = 1269
	inland = no
	members = {
		  87   88   89   90   92   95   96   97   98   99  100  167  168  233  234  235  236  237  238  239  240  241  242  243  244  245 
		 247 1270 1271 1742 1744 1860 1861 1865 1931 2974 3212 4130 4366 4367 4368 4369 4370 4371 4372 4373 4374 4375 4376 4381 4382 4383 
		4385 10008 10009 10010 10011 10012 10013 10015 10016 10017 10019 10020 10022 10023 10024 10025 10026 10654 10896 10897 12268 12269 12270 12271 12272 12273 
		12274 12275 12276 12277 12278 12279 12280 12281 12282 12283 12284 12285 12286 12287 12288 12298 12300 12301 12302 12303 12304 12305 12306 12307 12308 12309 
	}

}
